x-axis,2
second,Volt
-53.50000E-03,
-53.45000E-03,
-53.40000E-03,+0.0E+00
-53.35000E-03,-70.35176E-03
-53.30000E-03,+248.74372E-03
-53.25000E-03,+1.57286430E+00
-53.20000E-03,+3.22361806E+00
-53.15000E-03,+3.25628137E+00
-53.10000E-03,+3.25628137E+00
-53.05000E-03,+3.24623112E+00
-53.00000E-03,+2.81407032E+00
-52.95000E-03,+1.74371857E+00
-52.90000E-03,+1.76884420E+00
-52.85000E-03,+1.71859295E+00
-52.80000E-03,+1.50251255E+00
-52.75000E-03,+690.95477E-03
-52.70000E-03,-40.20100E-03
-52.65000E-03,-40.20100E-03
-52.60000E-03,-47.73869E-03
-52.55000E-03,+562.81406E-03
-52.50000E-03,+2.47487435E+00
-52.45000E-03,+3.25628137E+00
-52.40000E-03,+3.25628137E+00
-52.35000E-03,+3.25628137E+00
-52.30000E-03,+3.26381906E+00
-52.25000E-03,+3.28643213E+00
-52.20000E-03,+3.25628137E+00
-52.15000E-03,+3.26381906E+00
-52.10000E-03,+3.25628137E+00
-52.05000E-03,+2.98241203E+00
-52.00000E-03,+2.82914570E+00
-51.95000E-03,+1.88944722E+00
-51.90000E-03,+1.02010049E+00
-51.85000E-03,+1.15577888E+00
-51.80000E-03,+884.42210E-03
-51.75000E-03,-40.20100E-03
-51.70000E-03,-80.40201E-03
-51.65000E-03,-47.73869E-03
-51.60000E-03,+1.67085425E+00
-51.55000E-03,+2.85929645E+00
-51.50000E-03,+3.24623112E+00
-51.45000E-03,+3.25628137E+00
-51.40000E-03,+3.28643213E+00
-51.35000E-03,+3.25628137E+00
-51.30000E-03,+3.25628137E+00
-51.25000E-03,+3.25628137E+00
-51.20000E-03,+3.25628137E+00
-51.15000E-03,+3.25628137E+00
-51.10000E-03,+2.43718590E+00
-51.05000E-03,+0.0E+00
-51.00000E-03,-40.20100E-03
-50.95000E-03,-80.40201E-03
-50.90000E-03,-47.73869E-03
-50.85000E-03,+1.14824119E+00
-50.80000E-03,+3.21608037E+00
-50.75000E-03,+3.25628137E+00
-50.70000E-03,+3.25628137E+00
-50.65000E-03,+3.03768841E+00
-50.60000E-03,+1.96231154E+00
-50.55000E-03,-40.20100E-03
-50.50000E-03,-40.20100E-03
-50.45000E-03,-70.35176E-03
-50.40000E-03,+952.26130E-03
-50.35000E-03,+3.20603012E+00
-50.30000E-03,+3.25628137E+00
-50.25000E-03,+3.26381906E+00
-50.20000E-03,+3.28643213E+00
-50.15000E-03,+3.25628137E+00
-50.10000E-03,+2.90201002E+00
-50.05000E-03,+2.29145726E+00
-50.00000E-03,+1.43718591E+00
-49.95000E-03,+1.38190953E+00
-49.90000E-03,+1.60804018E+00
-49.85000E-03,-40.20100E-03
-49.80000E-03,-40.20100E-03
-49.75000E-03,-47.73869E-03
-49.70000E-03,+964.82411E-03
-49.65000E-03,+2.47487435E+00
-49.60000E-03,+3.25628137E+00
-49.55000E-03,+3.24623112E+00
-49.50000E-03,+3.25628137E+00
-49.45000E-03,+3.25628137E+00
-49.40000E-03,+3.28643213E+00
-49.35000E-03,+3.25628137E+00
-49.30000E-03,+3.25628137E+00
-49.25000E-03,+3.28643213E+00
-49.20000E-03,+2.29145726E+00
-49.15000E-03,+1.53517586E+00
-49.10000E-03,+1.27638190E+00
-49.05000E-03,+804.02009E-03
-49.00000E-03,+402.01005E-03
-48.95000E-03,-70.35176E-03
-48.90000E-03,-40.20100E-03
-48.85000E-03,-70.35176E-03
-48.80000E-03,-80.40201E-03
-48.75000E-03,+351.75879E-03
-48.70000E-03,+2.39949746E+00
-48.65000E-03,+3.22361806E+00
-48.60000E-03,+3.25628137E+00
-48.55000E-03,+3.25628137E+00
-48.50000E-03,+3.25628137E+00
-48.45000E-03,+2.90201002E+00
-48.40000E-03,+0.0E+00
-48.35000E-03,-40.20100E-03
-48.30000E-03,-47.73869E-03
-48.25000E-03,+1.42964823E+00
-48.20000E-03,+3.20603012E+00
-48.15000E-03,+3.24623112E+00
-48.10000E-03,+3.25628137E+00
-48.05000E-03,+3.25628137E+00
-48.00000E-03,+3.25628137E+00
-47.95000E-03,+836.68341E-03
-47.90000E-03,-40.20100E-03
-47.85000E-03,-70.35176E-03
-47.80000E-03,+103.01507E-03
-47.75000E-03,+1.08542712E+00
-47.70000E-03,+3.21608037E+00
-47.65000E-03,+3.25628137E+00
-47.60000E-03,+3.26381906E+00
-47.55000E-03,+3.22361806E+00
-47.50000E-03,+1.54271355E+00
-47.45000E-03,-7.53769E-03
-47.40000E-03,-22.61307E-03
-47.35000E-03,-40.20100E-03
-47.30000E-03,+344.22110E-03
-47.25000E-03,+2.61055274E+00
-47.20000E-03,+3.21608037E+00
-47.15000E-03,+3.25628137E+00
-47.10000E-03,+3.25628137E+00
-47.05000E-03,+2.90201002E+00
-47.00000E-03,+1.07035175E+00
-46.95000E-03,-7.53769E-03
-46.90000E-03,-40.20100E-03
-46.85000E-03,-40.20100E-03
-46.80000E-03,+1.91959797E+00
-46.75000E-03,+3.22361806E+00
-46.70000E-03,+3.25628137E+00
-46.65000E-03,+3.25628137E+00
-46.60000E-03,+3.26381906E+00
-46.55000E-03,+3.22361806E+00
-46.50000E-03,+7.53769E-03
-46.45000E-03,-7.53769E-03
-46.40000E-03,-70.35176E-03
-46.35000E-03,+907.03517E-03
-46.30000E-03,+2.84422108E+00
-46.25000E-03,+3.25628137E+00
-46.20000E-03,+3.25628137E+00
-46.15000E-03,+3.25628137E+00
-46.10000E-03,+3.22361806E+00
-46.05000E-03,+1.11055275E+00
-46.00000E-03,-40.20100E-03
-45.95000E-03,-40.20100E-03
-45.90000E-03,-70.35176E-03
-45.85000E-03,+695.97989E-03
-45.80000E-03,+3.20603012E+00
-45.75000E-03,+3.25628137E+00
-45.70000E-03,+3.25628137E+00
-45.65000E-03,+3.22361806E+00
-45.60000E-03,+2.17085425E+00
-45.55000E-03,-30.15075E-03
-45.50000E-03,-40.20100E-03
-45.45000E-03,-47.73869E-03
-45.40000E-03,+0.0E+00
-45.35000E-03,+2.39195977E+00
-45.30000E-03,+3.25628137E+00
-45.25000E-03,+3.25628137E+00
-45.20000E-03,+3.25628137E+00
-45.15000E-03,+3.09547735E+00
-45.10000E-03,+2.30653264E+00
-45.05000E-03,+0.0E+00
-45.00000E-03,-40.20100E-03
-44.95000E-03,-40.20100E-03
-44.90000E-03,+1.43718591E+00
-44.85000E-03,+3.09547735E+00
-44.80000E-03,+3.25628137E+00
-44.75000E-03,+3.25628137E+00
-44.70000E-03,+3.28643213E+00
-44.65000E-03,+3.25628137E+00
-44.60000E-03,+3.26381906E+00
-44.55000E-03,+3.25628137E+00
-44.50000E-03,+3.25628137E+00
-44.45000E-03,+3.26381906E+00
-44.40000E-03,+2.34673364E+00
-44.35000E-03,+0.0E+00
-44.30000E-03,-70.35176E-03
-44.25000E-03,-47.73869E-03
-44.20000E-03,+271.35678E-03
-44.15000E-03,+1.61306531E+00
-44.10000E-03,+3.25628137E+00
-44.05000E-03,+3.24623112E+00
-44.00000E-03,+3.25628137E+00
-43.95000E-03,+2.66080399E+00
-43.90000E-03,+708.54271E-03
-43.85000E-03,-40.20100E-03
-43.80000E-03,-40.20100E-03
-43.75000E-03,-80.40201E-03
-43.70000E-03,+954.77386E-03
-43.65000E-03,+3.21608037E+00
-43.60000E-03,+3.25628137E+00
-43.55000E-03,+3.25628137E+00
-43.50000E-03,+3.24623112E+00
-43.45000E-03,+2.90201002E+00
-43.40000E-03,+218.59296E-03
-43.35000E-03,-40.20100E-03
-43.30000E-03,-40.20100E-03
-43.25000E-03,+768.84421E-03
-43.20000E-03,+2.89949746E+00
-43.15000E-03,+3.25628137E+00
-43.10000E-03,+3.25628137E+00
-43.05000E-03,+3.25628137E+00
-43.00000E-03,+3.25628137E+00
-42.95000E-03,+2.24371857E+00
-42.90000E-03,+0.0E+00
-42.85000E-03,-40.20100E-03
-42.80000E-03,-70.35176E-03
-42.75000E-03,+1.26884421E+00
-42.70000E-03,+3.21608037E+00
-42.65000E-03,+3.25628137E+00
-42.60000E-03,+3.28643213E+00
-42.55000E-03,+3.22361806E+00
-42.50000E-03,+2.74120600E+00
-42.45000E-03,+1.56783918E+00
-42.40000E-03,+1.28643215E+00
-42.35000E-03,+1.31658290E+00
-42.30000E-03,+723.61808E-03
-42.25000E-03,+185.92965E-03
-42.20000E-03,-70.35176E-03
-42.15000E-03,-47.73869E-03
-42.10000E-03,-40.20100E-03
-42.05000E-03,+223.61809E-03
-42.00000E-03,+2.78643213E+00
-41.95000E-03,+3.22361806E+00
-41.90000E-03,+3.25628137E+00
-41.85000E-03,+3.28643213E+00
-41.80000E-03,+2.85427133E+00
-41.75000E-03,+1.55276380E+00
-41.70000E-03,-40.20100E-03
-41.65000E-03,-40.20100E-03
-41.60000E-03,+30.15075E-03
-41.55000E-03,+1.92713566E+00
-41.50000E-03,+3.21608037E+00
-41.45000E-03,+3.25628137E+00
-41.40000E-03,+3.25628137E+00
-41.35000E-03,+3.28643213E+00
-41.30000E-03,+3.25628137E+00
-41.25000E-03,+113.06533E-03
-41.20000E-03,-40.20100E-03
-41.15000E-03,-40.20100E-03
-41.10000E-03,+723.61808E-03
-41.05000E-03,+1.99246229E+00
-41.00000E-03,+2.80402007E+00
-40.95000E-03,+3.25628137E+00
-40.90000E-03,+3.26381906E+00
-40.85000E-03,+3.25628137E+00
-40.80000E-03,+3.25628137E+00
-40.75000E-03,+3.28643213E+00
-40.70000E-03,+3.25628137E+00
-40.65000E-03,+3.24623112E+00
-40.60000E-03,+2.44472359E+00
-40.55000E-03,+1.69597988E+00
-40.50000E-03,+1.23618089E+00
-40.45000E-03,+1.06030150E+00
-40.40000E-03,+706.03014E-03
-40.35000E-03,-30.15075E-03
-40.30000E-03,-70.35176E-03
-40.25000E-03,-40.20100E-03
-40.20000E-03,-40.20100E-03
-40.15000E-03,+344.22110E-03
-40.10000E-03,+1.99999998E+00
-40.05000E-03,+3.24623112E+00
-40.00000E-03,+3.25628137E+00
-39.95000E-03,+3.25628137E+00
-39.90000E-03,+3.25628137E+00
-39.85000E-03,+3.25628137E+00
-39.80000E-03,+3.25628137E+00
-39.75000E-03,+3.26381906E+00
-39.70000E-03,+3.25628137E+00
-39.65000E-03,+3.25628137E+00
-39.60000E-03,+1.83417083E+00
-39.55000E-03,-40.20100E-03
-39.50000E-03,-40.20100E-03
-39.45000E-03,+30.15075E-03
-39.40000E-03,+1.64824119E+00
-39.35000E-03,+3.24623112E+00
-39.30000E-03,+3.19095474E+00
-39.25000E-03,+3.25628137E+00
-39.20000E-03,+3.25628137E+00
-39.15000E-03,+2.69346731E+00
-39.10000E-03,-30.15075E-03
-39.05000E-03,-70.35176E-03
-39.00000E-03,-40.20100E-03
-38.95000E-03,+263.81909E-03
-38.90000E-03,+1.69346732E+00
-38.85000E-03,+3.22361806E+00
-38.80000E-03,+3.25628137E+00
-38.75000E-03,+3.26381906E+00
-38.70000E-03,+2.89447233E+00
-38.65000E-03,+1.02010049E+00
-38.60000E-03,-30.15075E-03
-38.55000E-03,-47.73869E-03
-38.50000E-03,-70.35176E-03
-38.45000E-03,+987.43718E-03
-38.40000E-03,+3.20603012E+00
-38.35000E-03,+3.34924620E+00
-38.30000E-03,+3.25628137E+00
-38.25000E-03,+3.22361806E+00
-38.20000E-03,+3.09547735E+00
-38.15000E-03,+354.27135E-03
-38.10000E-03,-40.20100E-03
-38.05000E-03,-70.35176E-03
-38.00000E-03,+585.42713E-03
-37.95000E-03,+2.98743715E+00
-37.90000E-03,+3.25628137E+00
-37.85000E-03,+3.25628137E+00
-37.80000E-03,+3.25628137E+00
-37.75000E-03,+3.25628137E+00
-37.70000E-03,+2.53266329E+00
-37.65000E-03,+0.0E+00
-37.60000E-03,-40.20100E-03
-37.55000E-03,+30.15075E-03
-37.50000E-03,+994.97486E-03
-37.45000E-03,+3.18341705E+00
-37.40000E-03,+3.24623112E+00
-37.35000E-03,+3.25628137E+00
-37.30000E-03,+3.25628137E+00
-37.25000E-03,+2.58040198E+00
-37.20000E-03,+7.53769E-03
-37.15000E-03,-7.53769E-03
-37.10000E-03,-70.35176E-03
-37.05000E-03,-40.20100E-03
-37.00000E-03,+1.13819094E+00
-36.95000E-03,+3.21608037E+00
-36.90000E-03,+3.25628137E+00
-36.85000E-03,+3.25628137E+00
-36.80000E-03,+2.83919595E+00
-36.75000E-03,+1.65577888E+00
-36.70000E-03,-40.20100E-03
-36.65000E-03,-40.20100E-03
-36.60000E-03,-70.35176E-03
-36.55000E-03,+786.43215E-03
-36.50000E-03,+3.21608037E+00
-36.45000E-03,+3.25628137E+00
-36.40000E-03,+3.25628137E+00
-36.35000E-03,+3.25628137E+00
-36.30000E-03,+3.24623112E+00
-36.25000E-03,+1.68844219E+00
-36.20000E-03,-40.20100E-03
-36.15000E-03,-40.20100E-03
-36.10000E-03,+391.95979E-03
-36.05000E-03,+1.95979897E+00
-36.00000E-03,+3.25628137E+00
-35.95000E-03,+3.25628137E+00
-35.90000E-03,+3.25628137E+00
-35.85000E-03,+3.25628137E+00
-35.80000E-03,+2.60552761E+00
-35.75000E-03,-7.53769E-03
-35.70000E-03,-70.35176E-03
-35.65000E-03,-47.73869E-03
-35.60000E-03,+804.02009E-03
-35.55000E-03,+2.43969847E+00
-35.50000E-03,+3.22361806E+00
-35.45000E-03,+3.26381906E+00
-35.40000E-03,+3.25628137E+00
-35.35000E-03,+2.82160801E+00
-35.30000E-03,+376.88442E-03
-35.25000E-03,-40.20100E-03
-35.20000E-03,-47.73869E-03
-35.15000E-03,-80.40201E-03
-35.10000E-03,+947.23617E-03
-35.05000E-03,+3.21608037E+00
-35.00000E-03,+3.25628137E+00
-34.95000E-03,+3.25628137E+00
-34.90000E-03,+3.09547735E+00
-34.85000E-03,+2.49999997E+00
-34.80000E-03,+0.0E+00
-34.75000E-03,-70.35176E-03
-34.70000E-03,-40.20100E-03
-34.65000E-03,+655.77889E-03
-34.60000E-03,+3.15829142E+00
-34.55000E-03,+3.28643213E+00
-34.50000E-03,+3.25628137E+00
-34.45000E-03,+3.25628137E+00
-34.40000E-03,+3.25628137E+00
-34.35000E-03,+2.27638189E+00
-34.30000E-03,-40.20100E-03
-34.25000E-03,-40.20100E-03
-34.20000E-03,+128.14070E-03
-34.15000E-03,+1.62060300E+00
-34.10000E-03,+3.21608037E+00
-34.05000E-03,+3.25628137E+00
-34.00000E-03,+3.25628137E+00
-33.95000E-03,+3.25628137E+00
-33.90000E-03,+2.94221102E+00
-33.85000E-03,+0.0E+00
-33.80000E-03,-40.20100E-03
-33.75000E-03,-40.20100E-03
-33.70000E-03,+0.0E+00
-33.65000E-03,+1.47738692E+00
-33.60000E-03,+3.21608037E+00
-33.55000E-03,+3.25628137E+00
-33.50000E-03,+3.24623112E+00
-33.45000E-03,+2.56532661E+00
-33.40000E-03,+909.54773E-03
-33.35000E-03,-40.20100E-03
-33.30000E-03,-40.20100E-03
-33.25000E-03,-80.40201E-03
-33.20000E-03,+545.22612E-03
-33.15000E-03,+3.21608037E+00
-33.10000E-03,+3.25628137E+00
-33.05000E-03,+3.25628137E+00
-33.00000E-03,+3.25628137E+00
-32.95000E-03,+3.13567836E+00
-32.90000E-03,+3.05527635E+00
-32.85000E-03,+2.45226128E+00
-32.80000E-03,+1.50251255E+00
-32.75000E-03,+1.54271355E+00
-32.70000E-03,+1.56783918E+00
-32.65000E-03,-40.20100E-03
-32.60000E-03,-40.20100E-03
-32.55000E-03,-40.20100E-03
-32.50000E-03,+1.67085425E+00
-32.45000E-03,+3.16582911E+00
-32.40000E-03,+3.25628137E+00
-32.35000E-03,+3.28643213E+00
-32.30000E-03,+3.25628137E+00
-32.25000E-03,+3.26381906E+00
-32.20000E-03,+3.25628137E+00
-32.15000E-03,+3.25628137E+00
-32.10000E-03,+3.26381906E+00
-32.05000E-03,+3.25628137E+00
-32.00000E-03,+2.62060299E+00
-31.95000E-03,+1.77638189E+00
-31.90000E-03,+1.23618089E+00
-31.85000E-03,+1.30150752E+00
-31.80000E-03,+834.17085E-03
-31.75000E-03,+65.32663E-03
-31.70000E-03,-40.20100E-03
-31.65000E-03,-40.20100E-03
-31.60000E-03,-47.73869E-03
-31.55000E-03,+293.96985E-03
-31.50000E-03,+1.78140702E+00
-31.45000E-03,+3.21608037E+00
-31.40000E-03,+3.25628137E+00
-31.35000E-03,+3.25628137E+00
-31.30000E-03,+3.25628137E+00
-31.25000E-03,+3.25628137E+00
-31.20000E-03,+3.25628137E+00
-31.15000E-03,+3.25628137E+00
-31.10000E-03,+3.26381906E+00
-31.05000E-03,+3.28643213E+00
-31.00000E-03,+1.47989948E+00
-30.95000E-03,-40.20100E-03
-30.90000E-03,-40.20100E-03
-30.85000E-03,+150.75377E-03
-30.80000E-03,+1.91959797E+00
-30.75000E-03,+3.25628137E+00
-30.70000E-03,+3.25628137E+00
-30.65000E-03,+3.24623112E+00
-30.60000E-03,+3.25628137E+00
-30.55000E-03,+2.83919595E+00
-30.50000E-03,+0.0E+00
-30.45000E-03,-40.20100E-03
-30.40000E-03,-47.73869E-03
-30.35000E-03,+223.61809E-03
-30.30000E-03,+1.95226129E+00
-30.25000E-03,+3.21608037E+00
-30.20000E-03,+3.25628137E+00
-30.15000E-03,+3.25628137E+00
-30.10000E-03,+2.53266329E+00
-30.05000E-03,+1.54271355E+00
-30.00000E-03,+1.43718591E+00
-29.95000E-03,+932.16079E-03
-29.90000E-03,+537.68844E-03
-29.85000E-03,+110.55276E-03
-29.80000E-03,-40.20100E-03
-29.75000E-03,-47.73869E-03
-29.70000E-03,-80.40201E-03
-29.65000E-03,+208.54271E-03
-29.60000E-03,+2.14321606E+00
-29.55000E-03,+3.24623112E+00
-29.50000E-03,+3.25628137E+00
-29.45000E-03,+3.25628137E+00
-29.40000E-03,+3.28643213E+00
-29.35000E-03,+3.25628137E+00
-29.30000E-03,+3.25628137E+00
-29.25000E-03,+3.25628137E+00
-29.20000E-03,+3.25628137E+00
-29.15000E-03,+3.25628137E+00
-29.10000E-03,+2.39698490E+00
-29.05000E-03,+0.0E+00
-29.00000E-03,-40.20100E-03
-28.95000E-03,+62.81407E-03
-28.90000E-03,+1.18844220E+00
-28.85000E-03,+3.21608037E+00
-28.80000E-03,+3.22361806E+00
-28.75000E-03,+3.25628137E+00
-28.70000E-03,+3.25628137E+00
-28.65000E-03,+2.58040198E+00
-28.60000E-03,+1.71356782E+00
-28.55000E-03,+1.31658290E+00
-28.50000E-03,+1.29396984E+00
-28.45000E-03,+1.25376883E+00
-28.40000E-03,+442.21105E-03
-28.35000E-03,-40.20100E-03
-28.30000E-03,-80.40201E-03
-28.25000E-03,-80.40201E-03
-28.20000E-03,+522.61306E-03
-28.15000E-03,+2.74623113E+00
-28.10000E-03,+3.25628137E+00
-28.05000E-03,+3.28643213E+00
-28.00000E-03,+3.25628137E+00
-27.95000E-03,+3.04020097E+00
-27.90000E-03,+1.81658290E+00
-27.85000E-03,-7.53769E-03
-27.80000E-03,-40.20100E-03
-27.75000E-03,-70.35176E-03
-27.70000E-03,+1.75125626E+00
-27.65000E-03,+3.21608037E+00
-27.60000E-03,+3.25628137E+00
-27.55000E-03,+3.25628137E+00
-27.50000E-03,+3.25628137E+00
-27.45000E-03,+3.25628137E+00
-27.40000E-03,+336.68341E-03
-27.35000E-03,-40.20100E-03
-27.30000E-03,-40.20100E-03
-27.25000E-03,+856.78391E-03
-27.20000E-03,+1.99999998E+00
-27.15000E-03,+3.20603012E+00
-27.10000E-03,+3.25628137E+00
-27.05000E-03,+3.25628137E+00
-27.00000E-03,+3.25628137E+00
-26.95000E-03,+3.25628137E+00
-26.90000E-03,+3.25628137E+00
-26.85000E-03,+3.31909544E+00
-26.80000E-03,+3.25628137E+00
-26.75000E-03,+2.61306530E+00
-26.70000E-03,+1.28643215E+00
-26.65000E-03,+1.01256280E+00
-26.60000E-03,+723.61808E-03
-26.55000E-03,+87.93970E-03
-26.50000E-03,-40.20100E-03
-26.45000E-03,-70.35176E-03
-26.40000E-03,-80.40201E-03
-26.35000E-03,-80.40201E-03
-26.30000E-03,+70.35176E-03
-26.25000E-03,+2.35427133E+00
-26.20000E-03,+3.25628137E+00
-26.15000E-03,+3.25628137E+00
-26.10000E-03,+3.25628137E+00
-26.05000E-03,+3.25628137E+00
-26.00000E-03,+2.66080399E+00
-25.95000E-03,+0.0E+00
-25.90000E-03,-40.20100E-03
-25.85000E-03,-40.20100E-03
-25.80000E-03,+1.33165828E+00
-25.75000E-03,+3.21608037E+00
-25.70000E-03,+3.24623112E+00
-25.65000E-03,+3.25628137E+00
-25.60000E-03,+3.25628137E+00
-25.55000E-03,+3.25628137E+00
-25.50000E-03,+643.21607E-03
-25.45000E-03,-7.53769E-03
-25.40000E-03,-70.35176E-03
-25.35000E-03,+281.40703E-03
-25.30000E-03,+1.51005024E+00
-25.25000E-03,+3.22361806E+00
-25.20000E-03,+3.25628137E+00
-25.15000E-03,+3.25628137E+00
-25.10000E-03,+3.25628137E+00
-25.05000E-03,+1.81658290E+00
-25.00000E-03,+0.0E+00
-24.95000E-03,-40.20100E-03
-24.90000E-03,-47.73869E-03
-24.85000E-03,+190.95477E-03
-24.80000E-03,+2.79396982E+00
-24.75000E-03,+3.21608037E+00
-24.70000E-03,+3.28643213E+00
-24.65000E-03,+3.25628137E+00
-24.60000E-03,+2.55778892E+00
-24.55000E-03,+1.02010049E+00
-24.50000E-03,-40.20100E-03
-24.45000E-03,-40.20100E-03
-24.40000E-03,+22.61307E-03
-24.35000E-03,+1.67085425E+00
-24.30000E-03,+3.21608037E+00
-24.25000E-03,+3.22361806E+00
-24.20000E-03,+3.25628137E+00
-24.15000E-03,+3.25628137E+00
-24.10000E-03,+3.26381906E+00
-24.05000E-03,+3.28643213E+00
-24.00000E-03,+3.25628137E+00
-23.95000E-03,+3.25628137E+00
-23.90000E-03,+3.28643213E+00
-23.85000E-03,+2.97487434E+00
-23.80000E-03,+2.11557787E+00
-23.75000E-03,+1.63819094E+00
-23.70000E-03,+1.57537687E+00
-23.65000E-03,+1.77638189E+00
-23.60000E-03,+95.47739E-03
-23.55000E-03,-40.20100E-03
-23.50000E-03,-70.35176E-03
-23.45000E-03,+183.41708E-03
-23.40000E-03,+1.55778893E+00
-23.35000E-03,+2.97236178E+00
-23.30000E-03,+3.25628137E+00
-23.25000E-03,+3.26381906E+00
-23.20000E-03,+3.25628137E+00
-23.15000E-03,+3.25628137E+00
-23.10000E-03,+3.25628137E+00
-23.05000E-03,+3.28643213E+00
-23.00000E-03,+3.25628137E+00
-22.95000E-03,+2.70100500E+00
-22.90000E-03,+1.54271355E+00
-22.85000E-03,-30.15075E-03
-22.80000E-03,-40.20100E-03
-22.75000E-03,-40.20100E-03
-22.70000E-03,+761.30652E-03
-22.65000E-03,+3.21608037E+00
-22.60000E-03,+3.24623112E+00
-22.55000E-03,+3.28643213E+00
-22.50000E-03,+3.25628137E+00
-22.45000E-03,+3.25628137E+00
-22.40000E-03,+2.93467334E+00
-22.35000E-03,+2.25879395E+00
-22.30000E-03,+1.27638190E+00
-22.25000E-03,+1.18090451E+00
-22.20000E-03,+1.48743717E+00
-22.15000E-03,-40.20100E-03
-22.10000E-03,-70.35176E-03
-22.05000E-03,-47.73869E-03
-22.00000E-03,+954.77386E-03
-21.95000E-03,+2.40201002E+00
-21.90000E-03,+3.25628137E+00
-21.85000E-03,+3.25628137E+00
-21.80000E-03,+3.25628137E+00
-21.75000E-03,+3.25628137E+00
-21.70000E-03,+3.25628137E+00
-21.65000E-03,+3.25628137E+00
-21.60000E-03,+3.25628137E+00
-21.55000E-03,+3.28643213E+00
-21.50000E-03,+2.53266329E+00
-21.45000E-03,+1.77638189E+00
-21.40000E-03,+1.51758792E+00
-21.35000E-03,+1.20603014E+00
-21.30000E-03,+884.42210E-03
-21.25000E-03,+281.40703E-03
-21.20000E-03,-40.20100E-03
-21.15000E-03,-47.73869E-03
-21.10000E-03,-80.40201E-03
-21.05000E-03,+241.20603E-03
-21.00000E-03,+1.86180903E+00
-20.95000E-03,+3.22361806E+00
-20.90000E-03,+3.25628137E+00
-20.85000E-03,+3.25628137E+00
-20.80000E-03,+3.26381906E+00
-20.75000E-03,+3.25628137E+00
-20.70000E-03,+3.28643213E+00
-20.65000E-03,+3.25628137E+00
-20.60000E-03,+3.25628137E+00
-20.55000E-03,+3.28643213E+00
-20.50000E-03,+2.23618088E+00
-20.45000E-03,+0.0E+00
-20.40000E-03,-40.20100E-03
-20.35000E-03,+52.76382E-03
-20.30000E-03,+1.59798993E+00
-20.25000E-03,+3.21608037E+00
-20.20000E-03,+3.25628137E+00
-20.15000E-03,+3.25628137E+00
-20.10000E-03,+3.28643213E+00
-20.05000E-03,+2.78894469E+00
-20.00000E-03,+0.0E+00
-19.95000E-03,-70.35176E-03
-19.90000E-03,-40.20100E-03
-19.85000E-03,+190.95477E-03
-19.80000E-03,+1.33919597E+00
-19.75000E-03,+3.26381906E+00
-19.70000E-03,+3.25628137E+00
-19.65000E-03,+3.25628137E+00
-19.60000E-03,+2.94221102E+00
-19.55000E-03,+1.95226129E+00
-19.50000E-03,+1.89698490E+00
-19.45000E-03,+1.63819094E+00
-19.40000E-03,+891.95979E-03
-19.35000E-03,+713.56783E-03
-19.30000E-03,-40.20100E-03
-19.25000E-03,-40.20100E-03
-19.20000E-03,-47.73869E-03
-19.15000E-03,-47.73869E-03
-19.10000E-03,+1.99246229E+00
-19.05000E-03,+3.25628137E+00
-19.00000E-03,+3.25628137E+00
-18.95000E-03,+3.25628137E+00
-18.90000E-03,+3.25628137E+00
-18.85000E-03,+3.25628137E+00
-18.80000E-03,+3.29648238E+00
-18.75000E-03,+3.25628137E+00
-18.70000E-03,+3.28643213E+00
-18.65000E-03,+3.25628137E+00
-18.60000E-03,+3.22361806E+00
-18.55000E-03,+2.37185927E+00
-18.50000E-03,+1.53517586E+00
-18.45000E-03,+1.80904521E+00
-18.40000E-03,+1.76884420E+00
-18.35000E-03,+346.73366E-03
-18.30000E-03,-40.20100E-03
-18.25000E-03,-80.40201E-03
-18.20000E-03,+201.00502E-03
-18.15000E-03,+1.37185928E+00
-18.10000E-03,+3.24623112E+00
-18.05000E-03,+3.25628137E+00
-18.00000E-03,+3.25628137E+00
-17.95000E-03,+3.22361806E+00
-17.90000E-03,+2.32160802E+00
-17.85000E-03,+0.0E+00
-17.80000E-03,-40.20100E-03
-17.75000E-03,-40.20100E-03
-17.70000E-03,-40.20100E-03
-17.65000E-03,+2.14321606E+00
-17.60000E-03,+3.22361806E+00
-17.55000E-03,+3.28643213E+00
-17.50000E-03,+3.25628137E+00
-17.45000E-03,+2.94974871E+00
-17.40000E-03,+2.17839194E+00
-17.35000E-03,-30.15075E-03
-17.30000E-03,-40.20100E-03
-17.25000E-03,-40.20100E-03
-17.20000E-03,+1.26884421E+00
-17.15000E-03,+3.21608037E+00
-17.10000E-03,+3.25628137E+00
-17.05000E-03,+3.25628137E+00
-17.00000E-03,+3.25628137E+00
-16.95000E-03,+3.26381906E+00
-16.90000E-03,+756.28140E-03
-16.85000E-03,-40.20100E-03
-16.80000E-03,-40.20100E-03
-16.75000E-03,+552.76381E-03
-16.70000E-03,+1.83165827E+00
-16.65000E-03,+3.21608037E+00
-16.60000E-03,+3.25628137E+00
-16.55000E-03,+3.28643213E+00
-16.50000E-03,+3.25628137E+00
-16.45000E-03,+1.93718591E+00
-16.40000E-03,+0.0E+00
-16.35000E-03,-40.20100E-03
-16.30000E-03,-47.73869E-03
-16.25000E-03,+402.01005E-03
-16.20000E-03,+2.88190952E+00
-16.15000E-03,+3.21608037E+00
-16.10000E-03,+3.25628137E+00
-16.05000E-03,+3.29648238E+00
-16.00000E-03,+2.42713565E+00
-15.95000E-03,+266.33166E-03
-15.90000E-03,-40.20100E-03
-15.85000E-03,-40.20100E-03
-15.80000E-03,-40.20100E-03
-15.75000E-03,+1.63819094E+00
-15.70000E-03,+3.25628137E+00
-15.65000E-03,+3.25628137E+00
-15.60000E-03,+3.25628137E+00
-15.55000E-03,+3.28643213E+00
-15.50000E-03,+2.82914570E+00
-15.45000E-03,+0.0E+00
-15.40000E-03,-40.20100E-03
-15.35000E-03,-47.73869E-03
-15.30000E-03,+1.29899496E+00
-15.25000E-03,+3.21608037E+00
-15.20000E-03,+3.25628137E+00
-15.15000E-03,+3.25628137E+00
-15.10000E-03,+3.26381906E+00
-15.05000E-03,+3.25628137E+00
-15.00000E-03,+1.19849245E+00
-14.95000E-03,+0.0E+00
-14.90000E-03,-40.20100E-03
-14.85000E-03,+70.35176E-03
-14.80000E-03,+1.32663315E+00
-14.75000E-03,+3.21608037E+00
-14.70000E-03,+3.25628137E+00
-14.65000E-03,+3.25628137E+00
-14.60000E-03,+3.23115574E+00
-14.55000E-03,+2.26633163E+00
-14.50000E-03,-40.20100E-03
-14.45000E-03,-40.20100E-03
-14.40000E-03,-40.20100E-03
-14.35000E-03,-7.53769E-03
-14.30000E-03,+1.52763817E+00
-14.25000E-03,+3.21608037E+00
-14.20000E-03,+3.25628137E+00
-14.15000E-03,+3.25628137E+00
-14.10000E-03,+3.26381906E+00
-14.05000E-03,+3.25628137E+00
-14.00000E-03,+3.25628137E+00
-13.95000E-03,+3.25628137E+00
-13.90000E-03,+3.25628137E+00
-13.85000E-03,+2.77386932E+00
-13.80000E-03,+628.14070E-03
-13.75000E-03,-40.20100E-03
-13.70000E-03,-70.35176E-03
-13.65000E-03,+311.55779E-03
-13.60000E-03,+2.14321606E+00
-13.55000E-03,+3.24623112E+00
-13.50000E-03,+3.22361806E+00
-13.45000E-03,+3.25628137E+00
-13.40000E-03,+3.25628137E+00
-13.35000E-03,+2.82914570E+00
-13.30000E-03,+0.0E+00
-13.25000E-03,-40.20100E-03
-13.20000E-03,-47.73869E-03
-13.15000E-03,+811.55778E-03
-13.10000E-03,+2.93969846E+00
-13.05000E-03,+3.25628137E+00
-13.00000E-03,+3.25628137E+00
-12.95000E-03,+3.26381906E+00
-12.90000E-03,+2.82160801E+00
-12.85000E-03,+618.09045E-03
-12.80000E-03,-40.20100E-03
-12.75000E-03,-40.20100E-03
-12.70000E-03,-80.40201E-03
-12.65000E-03,+736.18090E-03
-12.60000E-03,+3.21608037E+00
-12.55000E-03,+3.25628137E+00
-12.50000E-03,+3.25628137E+00
-12.45000E-03,+3.15075374E+00
-12.40000E-03,+2.01758792E+00
-12.35000E-03,-7.53769E-03
-12.30000E-03,-40.20100E-03
-12.25000E-03,-47.73869E-03
-12.20000E-03,+625.62813E-03
-12.15000E-03,+3.03517585E+00
-12.10000E-03,+3.22361806E+00
-12.05000E-03,+3.25628137E+00
-12.00000E-03,+3.25628137E+00
-11.95000E-03,+3.25628137E+00
-11.90000E-03,+3.25628137E+00
-11.85000E-03,+2.61306530E+00
-11.80000E-03,+2.01005023E+00
-11.75000E-03,+1.59798993E+00
-11.70000E-03,+1.92964822E+00
-11.65000E-03,+0.0E+00
-11.60000E-03,-40.20100E-03
-11.55000E-03,-40.20100E-03
-11.50000E-03,+896.98492E-03
-11.45000E-03,+2.49246228E+00
-11.40000E-03,+3.25628137E+00
-11.35000E-03,+3.25628137E+00
-11.30000E-03,+3.26381906E+00
-11.25000E-03,+3.26381906E+00
-11.20000E-03,+2.15577887E+00
-11.15000E-03,-7.53769E-03
-11.10000E-03,-70.35176E-03
-11.05000E-03,-70.35176E-03
-11.00000E-03,+263.81909E-03
-10.95000E-03,+2.38442209E+00
-10.90000E-03,+3.20603012E+00
-10.85000E-03,+3.28643213E+00
-10.80000E-03,+3.25628137E+00
-10.75000E-03,+2.54020098E+00
-10.70000E-03,+256.28140E-03
-10.65000E-03,-40.20100E-03
-10.60000E-03,-40.20100E-03
-10.55000E-03,-70.35176E-03
-10.50000E-03,+1.55025124E+00
-10.45000E-03,+3.11809042E+00
-10.40000E-03,+3.24623112E+00
-10.35000E-03,+3.25628137E+00
-10.30000E-03,+3.25628137E+00
-10.25000E-03,+3.25628137E+00
-10.20000E-03,+3.26381906E+00
-10.15000E-03,+3.25628137E+00
-10.10000E-03,+3.26381906E+00
-10.05000E-03,+3.25628137E+00
-10.00000E-03,+3.18341705E+00
-9.95000E-03,+2.13819093E+00
-9.90000E-03,+1.17336682E+00
-9.85000E-03,+1.27638190E+00
-9.80000E-03,+1.23618089E+00
-9.75000E-03,+25.12563E-03
-9.70000E-03,-40.20100E-03
-9.65000E-03,-70.35176E-03
-9.60000E-03,+472.36180E-03
-9.55000E-03,+1.51005024E+00
-9.50000E-03,+2.74120600E+00
-9.45000E-03,+3.22361806E+00
-9.40000E-03,+3.25628137E+00
-9.35000E-03,+3.25628137E+00
-9.30000E-03,+3.25628137E+00
-9.25000E-03,+3.25628137E+00
-9.20000E-03,+3.25628137E+00
-9.15000E-03,+3.25628137E+00
-9.10000E-03,+2.86934670E+00
-9.05000E-03,+1.40703516E+00
-9.00000E-03,-40.20100E-03
-8.95000E-03,-40.20100E-03
-8.90000E-03,-47.73869E-03
-8.85000E-03,+464.82412E-03
-8.80000E-03,+3.18090449E+00
-8.75000E-03,+3.25628137E+00
-8.70000E-03,+3.28643213E+00
-8.65000E-03,+3.24623112E+00
-8.60000E-03,+3.18341705E+00
-8.55000E-03,+1.69597988E+00
-8.50000E-03,-40.20100E-03
-8.45000E-03,-80.40201E-03
-8.40000E-03,+223.61809E-03
-8.35000E-03,+1.95226129E+00
-8.30000E-03,+3.25628137E+00
-8.25000E-03,+3.25628137E+00
-8.20000E-03,+3.25628137E+00
-8.15000E-03,+3.25628137E+00
-8.10000E-03,+2.90954771E+00
-8.05000E-03,+0.0E+00
-8.00000E-03,-40.20100E-03
-7.95000E-03,-47.73869E-03
-7.90000E-03,+947.23617E-03
-7.85000E-03,+2.53015073E+00
-7.80000E-03,+3.24623112E+00
-7.75000E-03,+3.25628137E+00
-7.70000E-03,+3.28643213E+00
-7.65000E-03,+3.02261303E+00
-7.60000E-03,+577.88944E-03
-7.55000E-03,-40.20100E-03
-7.50000E-03,-40.20100E-03
-7.45000E-03,-80.40201E-03
-7.40000E-03,+826.63316E-03
-7.35000E-03,+3.21608037E+00
-7.30000E-03,+3.22361806E+00
-7.25000E-03,+3.28643213E+00
-7.20000E-03,+3.06281404E+00
-7.15000E-03,+2.19597988E+00
-7.10000E-03,-30.15075E-03
-7.05000E-03,-30.15075E-03
-7.00000E-03,-47.73869E-03
-6.95000E-03,+344.22110E-03
-6.90000E-03,+2.81909545E+00
-6.85000E-03,+3.25628137E+00
-6.80000E-03,+3.25628137E+00
-6.75000E-03,+3.26381906E+00
-6.70000E-03,+3.28643213E+00
-6.65000E-03,+2.31658289E+00
-6.60000E-03,-7.53769E-03
-6.55000E-03,-40.20100E-03
-6.50000E-03,-7.53769E-03
-6.45000E-03,+1.55025124E+00
-6.40000E-03,+3.24623112E+00
-6.35000E-03,+3.25628137E+00
-6.30000E-03,+3.25628137E+00
-6.25000E-03,+3.26381906E+00
-6.20000E-03,+3.14321605E+00
-6.15000E-03,+0.0E+00
-6.10000E-03,-40.20100E-03
-6.05000E-03,-40.20100E-03
-6.00000E-03,+150.75377E-03
-5.95000E-03,+1.71859295E+00
-5.90000E-03,+3.24623112E+00
-5.85000E-03,+3.25628137E+00
-5.80000E-03,+3.25628137E+00
-5.75000E-03,+2.86180901E+00
-5.70000E-03,+1.23869345E+00
-5.65000E-03,-40.20100E-03
-5.60000E-03,-40.20100E-03
-5.55000E-03,-47.73869E-03
-5.50000E-03,+344.22110E-03
-5.45000E-03,+3.21608037E+00
-5.40000E-03,+3.25628137E+00
-5.35000E-03,+3.22361806E+00
-5.30000E-03,+3.24623112E+00
-5.25000E-03,+2.77386932E+00
-5.20000E-03,+829.14572E-03
-5.15000E-03,-40.20100E-03
-5.10000E-03,-70.35176E-03
-5.05000E-03,+454.77386E-03
-5.00000E-03,+2.43467334E+00
-4.95000E-03,+3.25628137E+00
-4.90000E-03,+3.25628137E+00
-4.85000E-03,+3.25628137E+00
-4.80000E-03,+3.25628137E+00
-4.75000E-03,+2.90201002E+00
-4.70000E-03,+0.0E+00
-4.65000E-03,-40.20100E-03
-4.60000E-03,-40.20100E-03
-4.55000E-03,+1.20603014E+00
-4.50000E-03,+3.19849243E+00
-4.45000E-03,+3.28643213E+00
-4.40000E-03,+3.25628137E+00
-4.35000E-03,+3.25628137E+00
-4.30000E-03,+2.83919595E+00
-4.25000E-03,+120.60301E-03
-4.20000E-03,-40.20100E-03
-4.15000E-03,-70.35176E-03
-4.10000E-03,-40.20100E-03
-4.05000E-03,+793.96984E-03
-4.00000E-03,+3.21608037E+00
-3.95000E-03,+3.22361806E+00
-3.90000E-03,+3.25628137E+00
-3.85000E-03,+3.05527635E+00
-3.80000E-03,+1.58291456E+00
-3.75000E-03,-40.20100E-03
-3.70000E-03,-40.20100E-03
-3.65000E-03,-40.20100E-03
-3.60000E-03,+665.82914E-03
-3.55000E-03,+3.18090449E+00
-3.50000E-03,+3.25628137E+00
-3.45000E-03,+3.26381906E+00
-3.40000E-03,+3.25628137E+00
-3.35000E-03,+3.25628137E+00
-3.30000E-03,+1.76130651E+00
-3.25000E-03,-7.53769E-03
-3.20000E-03,-40.20100E-03
-3.15000E-03,+0.0E+00
-3.10000E-03,+2.05025123E+00
-3.05000E-03,+3.21608037E+00
-3.00000E-03,+3.24623112E+00
-2.95000E-03,+3.26381906E+00
-2.90000E-03,+3.26381906E+00
-2.85000E-03,+3.22361806E+00
-2.80000E-03,+7.53769E-03
-2.75000E-03,-40.20100E-03
-2.70000E-03,-47.73869E-03
-2.65000E-03,+494.97487E-03
-2.60000E-03,+2.24120601E+00
-2.55000E-03,+3.25628137E+00
-2.50000E-03,+3.25628137E+00
-2.45000E-03,+3.26381906E+00
-2.40000E-03,+2.98241203E+00
-2.35000E-03,+1.85678390E+00
-2.30000E-03,+1.48743717E+00
-2.25000E-03,+1.17336682E+00
-2.20000E-03,+979.89949E-03
-2.15000E-03,+391.95979E-03
-2.10000E-03,-70.35176E-03
-2.05000E-03,-80.40201E-03
-2.00000E-03,-40.20100E-03
-1.95000E-03,+40.20100E-03
-1.90000E-03,+1.74120601E+00
-1.85000E-03,+3.21608037E+00
-1.80000E-03,+3.25628137E+00
-1.75000E-03,+3.26381906E+00
-1.70000E-03,+3.28643213E+00
-1.65000E-03,+3.25628137E+00
-1.60000E-03,+3.26381906E+00
-1.55000E-03,+3.28643213E+00
-1.50000E-03,+3.25628137E+00
-1.45000E-03,+3.25628137E+00
-1.40000E-03,+3.24623112E+00
-1.35000E-03,+2.29145726E+00
-1.30000E-03,+1.54271355E+00
-1.25000E-03,+1.39698491E+00
-1.20000E-03,+1.40703516E+00
-1.15000E-03,+95.47739E-03
-1.10000E-03,-40.20100E-03
-1.05000E-03,-47.73869E-03
-1.00000E-03,+665.82914E-03
-950.00E-06,+1.79145727E+00
-900.00E-06,+3.13567836E+00
-850.00E-06,+3.28643213E+00
-800.00E-06,+3.25628137E+00
-750.00E-06,+3.25628137E+00
-700.00E-06,+3.28643213E+00
-650.00E-06,+3.28643213E+00
-600.00E-06,+3.25628137E+00
-550.00E-06,+3.25628137E+00
-500.00E-06,+2.86934670E+00
-450.00E-06,+1.15075376E+00
-400.00E-06,-40.20100E-03
-350.00E-06,-70.35176E-03
-300.00E-06,-80.40201E-03
-250.00E-06,+552.76381E-03
-200.00E-06,+3.20603012E+00
-150.00E-06,+3.25628137E+00
-100.00E-06,+3.25628137E+00
-50.00E-06,+3.26381906E+00
+0.0E+00,+2.94974871E+00
+50.00E-06,+997.48743E-03
+100.00E-06,-40.20100E-03
+150.00E-06,-47.73869E-03
+200.00E-06,+143.21608E-03
+250.00E-06,+2.11306530E+00
+300.00E-06,+3.22361806E+00
+350.00E-06,+3.25628137E+00
+400.00E-06,+3.25628137E+00
+450.00E-06,+3.25628137E+00
+500.00E-06,+3.25628137E+00
+550.00E-06,+2.70854268E+00
+600.00E-06,+1.88944722E+00
+650.00E-06,+1.97738691E+00
+700.00E-06,+2.16080400E+00
+750.00E-06,+884.42210E-03
+800.00E-06,-40.20100E-03
+850.00E-06,-40.20100E-03
+900.00E-06,+40.20100E-03
+950.00E-06,+1.28643215E+00
+1.00000E-03,+2.43467334E+00
+1.05000E-03,+3.22361806E+00
+1.10000E-03,+3.25628137E+00
+1.15000E-03,+3.25628137E+00
+1.20000E-03,+3.26381906E+00
+1.25000E-03,+3.25628137E+00
+1.30000E-03,+3.28643213E+00
+1.35000E-03,+3.25628137E+00
+1.40000E-03,+2.97487434E+00
+1.45000E-03,+1.98492460E+00
+1.50000E-03,-7.53769E-03
+1.55000E-03,-40.20100E-03
+1.60000E-03,-47.73869E-03
+1.65000E-03,+231.15578E-03
+1.70000E-03,+2.91708540E+00
+1.75000E-03,+3.25628137E+00
+1.80000E-03,+3.25628137E+00
+1.85000E-03,+3.25628137E+00
+1.90000E-03,+3.22361806E+00
+1.95000E-03,+3.21608037E+00
+2.00000E-03,+2.65326630E+00
+2.05000E-03,+1.61557787E+00
+2.10000E-03,+1.52763817E+00
+2.15000E-03,+1.63819094E+00
+2.20000E-03,+15.07538E-03
+2.25000E-03,-40.20100E-03
+2.30000E-03,-40.20100E-03
+2.35000E-03,+884.42210E-03
+2.40000E-03,+2.61809042E+00
+2.45000E-03,+3.25628137E+00
+2.50000E-03,+3.25628137E+00
+2.55000E-03,+3.28643213E+00
+2.60000E-03,+3.25628137E+00
+2.65000E-03,+2.25879395E+00
+2.70000E-03,-7.53769E-03
+2.75000E-03,-40.20100E-03
+2.80000E-03,-40.20100E-03
+2.85000E-03,+351.75879E-03
+2.90000E-03,+2.56030148E+00
+2.95000E-03,+3.25628137E+00
+3.00000E-03,+3.25628137E+00
+3.05000E-03,+3.25628137E+00
+3.10000E-03,+2.38693465E+00
+3.15000E-03,+587.93969E-03
+3.20000E-03,-40.20100E-03
+3.25000E-03,-40.20100E-03
+3.30000E-03,-80.40201E-03
+3.35000E-03,+1.22864320E+00
+3.40000E-03,+3.17587936E+00
+3.45000E-03,+3.25628137E+00
+3.50000E-03,+3.25628137E+00
+3.55000E-03,+3.29648238E+00
+3.60000E-03,+3.26381906E+00
+3.65000E-03,+3.25628137E+00
+3.70000E-03,+3.25628137E+00
+3.75000E-03,+3.26381906E+00
+3.80000E-03,+3.25628137E+00
+3.85000E-03,+3.16582911E+00
+3.90000E-03,+2.42713565E+00
+3.95000E-03,+1.56783918E+00
+4.00000E-03,+1.12562813E+00
+4.05000E-03,+1.45477385E+00
+4.10000E-03,+47.73869E-03
+4.15000E-03,-40.20100E-03
+4.20000E-03,-47.73869E-03
+4.25000E-03,+424.62311E-03
+4.30000E-03,+2.05025123E+00
+4.35000E-03,+3.25628137E+00
+4.40000E-03,+3.22361806E+00
+4.45000E-03,+3.25628137E+00
+4.50000E-03,+3.25628137E+00
+4.55000E-03,+2.46733666E+00
+4.60000E-03,+0.0E+00
+4.65000E-03,-40.20100E-03
+4.70000E-03,-47.73869E-03
+4.75000E-03,+22.61307E-03
+4.80000E-03,+1.69346732E+00
+4.85000E-03,+3.21608037E+00
+4.90000E-03,+3.25628137E+00
+4.95000E-03,+3.26381906E+00
+5.00000E-03,+2.81407032E+00
+5.05000E-03,+1.27135677E+00
+5.10000E-03,-40.20100E-03
+5.15000E-03,-40.20100E-03
+5.20000E-03,-47.73869E-03
+5.25000E-03,+1.22864320E+00
+5.30000E-03,+3.24623112E+00
+5.35000E-03,+3.24623112E+00
+5.40000E-03,+3.25628137E+00
+5.45000E-03,+3.25628137E+00
+5.50000E-03,+3.25628137E+00
+5.55000E-03,+748.74371E-03
+5.60000E-03,-7.53769E-03
+5.65000E-03,-40.20100E-03
+5.70000E-03,+753.76884E-03
+5.75000E-03,+2.91708540E+00
+5.80000E-03,+3.24623112E+00
+5.85000E-03,+3.24623112E+00
+5.90000E-03,+3.26381906E+00
+5.95000E-03,+3.28643213E+00
+6.00000E-03,+2.38693465E+00
+6.05000E-03,-7.53769E-03
+6.10000E-03,-40.20100E-03
+6.15000E-03,-40.20100E-03
+6.20000E-03,+603.01507E-03
+6.25000E-03,+1.76884420E+00
+6.30000E-03,+3.18844218E+00
+6.35000E-03,+3.26381906E+00
+6.40000E-03,+3.26381906E+00
+6.45000E-03,+3.26381906E+00
+6.50000E-03,+3.25628137E+00
+6.55000E-03,+3.26381906E+00
+6.60000E-03,+3.28643213E+00
+6.65000E-03,+2.98994972E+00
+6.70000E-03,+1.72864320E+00
+6.75000E-03,+1.21356783E+00
+6.80000E-03,+924.62311E-03
+6.85000E-03,-40.20100E-03
+6.90000E-03,-80.40201E-03
+6.95000E-03,-80.40201E-03
+7.00000E-03,-47.73869E-03
+7.05000E-03,-47.73869E-03
+7.10000E-03,-47.73869E-03
+7.15000E-03,+1.43718591E+00
+7.20000E-03,+3.20603012E+00
+7.25000E-03,+3.25628137E+00
+7.30000E-03,+3.25628137E+00
+7.35000E-03,+3.28643213E+00
+7.40000E-03,+3.25628137E+00
+7.45000E-03,+3.25628137E+00
+7.50000E-03,+3.25628137E+00
+7.55000E-03,+3.25628137E+00
+7.60000E-03,+3.25628137E+00
+7.65000E-03,+3.21608037E+00
+7.70000E-03,+120.60301E-03
+7.75000E-03,-40.20100E-03
+7.80000E-03,-70.35176E-03
+7.85000E-03,+505.02512E-03
+7.90000E-03,+1.70100501E+00
+7.95000E-03,+3.25628137E+00
+8.00000E-03,+3.22361806E+00
+8.05000E-03,+3.24623112E+00
+8.10000E-03,+3.13567836E+00
+8.15000E-03,+1.83919596E+00
+8.20000E-03,+1.52763817E+00
+8.25000E-03,+1.47738692E+00
+8.30000E-03,+979.89949E-03
+8.35000E-03,+643.21607E-03
+8.40000E-03,-40.20100E-03
+8.45000E-03,-40.20100E-03
+8.50000E-03,-80.40201E-03
+8.55000E-03,-47.73869E-03
+8.60000E-03,+1.38944722E+00
+8.65000E-03,+3.19849243E+00
+8.70000E-03,+3.25628137E+00
+8.75000E-03,+3.26381906E+00
+8.80000E-03,+3.28643213E+00
+8.85000E-03,+3.28643213E+00
+8.90000E-03,+3.25628137E+00
+8.95000E-03,+3.25628137E+00
+9.00000E-03,+3.25628137E+00
+9.05000E-03,+3.25628137E+00
+9.10000E-03,+3.25628137E+00
+9.15000E-03,+2.69346731E+00
+9.20000E-03,+1.57537687E+00
+9.25000E-03,+1.49497486E+00
+9.30000E-03,+1.59798993E+00
+9.35000E-03,+427.13567E-03
+9.40000E-03,-40.20100E-03
+9.45000E-03,-47.73869E-03
+9.50000E-03,+442.21105E-03
+9.55000E-03,+1.71859295E+00
+9.60000E-03,+2.81407032E+00
+9.65000E-03,+3.25628137E+00
+9.70000E-03,+3.25628137E+00
+9.75000E-03,+3.25628137E+00
+9.80000E-03,+3.28643213E+00
+9.85000E-03,+3.25628137E+00
+9.90000E-03,+3.26381906E+00
+9.95000E-03,+3.28643213E+00
+10.00000E-03,+2.90954771E+00
+10.05000E-03,+1.57537687E+00
+10.10000E-03,-7.53769E-03
+10.15000E-03,-47.73869E-03
+10.20000E-03,-40.20100E-03
+10.25000E-03,+160.80402E-03
+10.30000E-03,+2.89195977E+00
+10.35000E-03,+3.21608037E+00
+10.40000E-03,+3.25628137E+00
+10.45000E-03,+3.30402007E+00
+10.50000E-03,+2.97487434E+00
+10.55000E-03,+1.69849244E+00
+10.60000E-03,-40.20100E-03
+10.65000E-03,-40.20100E-03
+10.70000E-03,+190.95477E-03
+10.75000E-03,+1.91206028E+00
+10.80000E-03,+3.25628137E+00
+10.85000E-03,+3.25628137E+00
+10.90000E-03,+3.25628137E+00
+10.95000E-03,+3.25628137E+00
+11.00000E-03,+3.25628137E+00
+11.05000E-03,+2.59798992E+00
+11.10000E-03,+1.92964822E+00
+11.15000E-03,+1.72864320E+00
+11.20000E-03,+2.01758792E+00
+11.25000E-03,+1.14070351E+00
+11.30000E-03,-40.20100E-03
+11.35000E-03,-70.35176E-03
+11.40000E-03,-40.20100E-03
+11.45000E-03,+994.97486E-03
+11.50000E-03,+2.19346731E+00
+11.55000E-03,+3.22361806E+00
+11.60000E-03,+3.25628137E+00
+11.65000E-03,+3.25628137E+00
+11.70000E-03,+3.25628137E+00
+11.75000E-03,+3.29648238E+00
+11.80000E-03,+3.28643213E+00
+11.85000E-03,+3.25628137E+00
+11.90000E-03,+3.05527635E+00
+11.95000E-03,+2.10552762E+00
+12.00000E-03,+1.96984923E+00
+12.05000E-03,+1.32663315E+00
+12.10000E-03,+708.54271E-03
+12.15000E-03,+231.15578E-03
+12.20000E-03,+40.20100E-03
+12.25000E-03,-70.35176E-03
+12.30000E-03,-40.20100E-03
+12.35000E-03,-80.40201E-03
+12.40000E-03,+1.45226129E+00
+12.45000E-03,+3.21608037E+00
+12.50000E-03,+3.25628137E+00
+12.55000E-03,+3.26381906E+00
+12.60000E-03,+3.25628137E+00
+12.65000E-03,+3.28643213E+00
+12.70000E-03,+1.63316581E+00
+12.75000E-03,-40.20100E-03
+12.80000E-03,-40.20100E-03
+12.85000E-03,+201.00502E-03
+12.90000E-03,+1.71859295E+00
+12.95000E-03,+3.25628137E+00
+13.00000E-03,+3.25628137E+00
+13.05000E-03,+3.25628137E+00
+13.10000E-03,+3.25628137E+00
+13.15000E-03,+2.50753766E+00
+13.20000E-03,-30.15075E-03
+13.25000E-03,-40.20100E-03
+13.30000E-03,-40.20100E-03
+13.35000E-03,-7.53769E-03
+13.40000E-03,+1.91206028E+00
+13.45000E-03,+3.22361806E+00
+13.50000E-03,+3.25628137E+00
+13.55000E-03,+3.25628137E+00
+13.60000E-03,+2.45226128E+00
+13.65000E-03,+748.74371E-03
+13.70000E-03,-30.15075E-03
+13.75000E-03,-40.20100E-03
+13.80000E-03,-40.20100E-03
+13.85000E-03,+1.09798994E+00
+13.90000E-03,+3.21608037E+00
+13.95000E-03,+3.26381906E+00
+14.00000E-03,+3.25628137E+00
+14.05000E-03,+3.25628137E+00
+14.10000E-03,+3.24623112E+00
+14.15000E-03,+434.67336E-03
+14.20000E-03,-40.20100E-03
+14.25000E-03,-70.35176E-03
+14.30000E-03,+793.96984E-03
+14.35000E-03,+2.89949746E+00
+14.40000E-03,+3.22361806E+00
+14.45000E-03,+3.25628137E+00
+14.50000E-03,+3.25628137E+00
+14.55000E-03,+3.25628137E+00
+14.60000E-03,+2.30653264E+00
+14.65000E-03,-30.15075E-03
+14.70000E-03,-40.20100E-03
+14.75000E-03,-40.20100E-03
+14.80000E-03,+907.03517E-03
+14.85000E-03,+3.21608037E+00
+14.90000E-03,+3.25628137E+00
+14.95000E-03,+3.25628137E+00
+15.00000E-03,+3.25628137E+00
+15.05000E-03,+2.28391957E+00
+15.10000E-03,+0.0E+00
+15.15000E-03,-40.20100E-03
+15.20000E-03,-47.73869E-03
+15.25000E-03,+0.0E+00
+15.30000E-03,+1.33919597E+00
+15.35000E-03,+3.22361806E+00
+15.40000E-03,+3.22361806E+00
+15.45000E-03,+3.25628137E+00
+15.50000E-03,+3.01507534E+00
+15.55000E-03,+1.73618089E+00
+15.60000E-03,-7.53769E-03
+15.65000E-03,-80.40201E-03
+15.70000E-03,-47.73869E-03
+15.75000E-03,+1.06783918E+00
+15.80000E-03,+3.27889444E+00
+15.85000E-03,+3.25628137E+00
+15.90000E-03,+3.25628137E+00
+15.95000E-03,+3.26381906E+00
+16.00000E-03,+3.28643213E+00
+16.05000E-03,+1.11055275E+00
+16.10000E-03,-40.20100E-03
+16.15000E-03,-40.20100E-03
+16.20000E-03,+505.02512E-03
+16.25000E-03,+2.05025123E+00
+16.30000E-03,+3.20603012E+00
+16.35000E-03,+3.25628137E+00
+16.40000E-03,+3.22361806E+00
+16.45000E-03,+3.26381906E+00
+16.50000E-03,+3.25628137E+00
+16.55000E-03,+3.28643213E+00
+16.60000E-03,+3.28643213E+00
+16.65000E-03,+3.28643213E+00
+16.70000E-03,+3.12562811E+00
+16.75000E-03,+1.11055275E+00
+16.80000E-03,-40.20100E-03
+16.85000E-03,-70.35176E-03
+16.90000E-03,-40.20100E-03
+16.95000E-03,+494.97487E-03
+17.00000E-03,+3.17587936E+00
+17.05000E-03,+3.22361806E+00
+17.10000E-03,+3.28643213E+00
+17.15000E-03,+3.18341705E+00
+17.20000E-03,+2.33919595E+00
+17.25000E-03,+0.0E+00
+17.30000E-03,-40.20100E-03
+17.35000E-03,-47.73869E-03
+17.40000E-03,+0.0E+00
+17.45000E-03,+2.36934671E+00
+17.50000E-03,+3.24623112E+00
+17.55000E-03,+3.19095474E+00
+17.60000E-03,+3.25628137E+00
+17.65000E-03,+3.26381906E+00
+17.70000E-03,+2.65326630E+00
+17.75000E-03,+0.0E+00
+17.80000E-03,-70.35176E-03
+17.85000E-03,-40.20100E-03
+17.90000E-03,+1.30904521E+00
+17.95000E-03,+3.21608037E+00
+18.00000E-03,+3.25628137E+00
+18.05000E-03,+3.25628137E+00
+18.10000E-03,+3.25628137E+00
+18.15000E-03,+3.21608037E+00
+18.20000E-03,+547.73869E-03
+18.25000E-03,-40.20100E-03
+18.30000E-03,-40.20100E-03
+18.35000E-03,+231.15578E-03
+18.40000E-03,+1.37185928E+00
+18.45000E-03,+3.21608037E+00
+18.50000E-03,+3.25628137E+00
+18.55000E-03,+3.25628137E+00
+18.60000E-03,+3.12060298E+00
+18.65000E-03,+2.08040199E+00
+18.70000E-03,+1.55778893E+00
+18.75000E-03,+1.69597988E+00
+18.80000E-03,+1.15577888E+00
+18.85000E-03,+650.75376E-03
+18.90000E-03,-30.15075E-03
+18.95000E-03,-47.73869E-03
+19.00000E-03,-40.20100E-03
+19.05000E-03,-70.35176E-03
+19.10000E-03,+1.35678391E+00
+19.15000E-03,+3.22361806E+00
+19.20000E-03,+3.25628137E+00
+19.25000E-03,+3.25628137E+00
+19.30000E-03,+3.28643213E+00
+19.35000E-03,+3.22361806E+00
+19.40000E-03,+854.27135E-03
+19.45000E-03,-7.53769E-03
+19.50000E-03,-70.35176E-03
+19.55000E-03,+633.16582E-03
+19.60000E-03,+2.44221103E+00
+19.65000E-03,+3.24623112E+00
+19.70000E-03,+3.25628137E+00
+19.75000E-03,+3.25628137E+00
+19.80000E-03,+3.28643213E+00
+19.85000E-03,+2.34673364E+00
+19.90000E-03,-30.15075E-03
+19.95000E-03,-40.20100E-03
+20.00000E-03,-70.35176E-03
+20.05000E-03,+914.57285E-03
+20.10000E-03,+1.87185928E+00
+20.15000E-03,+3.21608037E+00
+20.20000E-03,+3.25628137E+00
+20.25000E-03,+3.25628137E+00
+20.30000E-03,+3.28643213E+00
+20.35000E-03,+3.25628137E+00
+20.40000E-03,+3.25628137E+00
+20.45000E-03,+3.25628137E+00
+20.50000E-03,+2.97487434E+00
+20.55000E-03,+1.99497485E+00
+20.60000E-03,+1.55778893E+00
+20.65000E-03,+1.10050250E+00
+20.70000E-03,+650.75376E-03
+20.75000E-03,-40.20100E-03
+20.80000E-03,-40.20100E-03
+20.85000E-03,-47.73869E-03
+20.90000E-03,-47.73869E-03
+20.95000E-03,-70.35176E-03
+21.00000E-03,+1.14824119E+00
+21.05000E-03,+3.00502509E+00
+21.10000E-03,+3.25628137E+00
+21.15000E-03,+3.28643213E+00
+21.20000E-03,+3.25628137E+00
+21.25000E-03,+3.26381906E+00
+21.30000E-03,+3.29648238E+00
+21.35000E-03,+3.25628137E+00
+21.40000E-03,+3.26381906E+00
+21.45000E-03,+3.26381906E+00
+21.50000E-03,+3.28643213E+00
+21.55000E-03,+97.98995E-03
+21.60000E-03,-40.20100E-03
+21.65000E-03,-40.20100E-03
+21.70000E-03,+402.01005E-03
+21.75000E-03,+2.10301505E+00
+21.80000E-03,+3.24623112E+00
+21.85000E-03,+3.25628137E+00
+21.90000E-03,+3.25628137E+00
+21.95000E-03,+3.10301504E+00
+22.00000E-03,+1.38190953E+00
+22.05000E-03,-7.53769E-03
+22.10000E-03,-70.35176E-03
+22.15000E-03,-40.20100E-03
+22.20000E-03,+304.02010E-03
+22.25000E-03,+3.16582911E+00
+22.30000E-03,+3.21608037E+00
+22.35000E-03,+3.25628137E+00
+22.40000E-03,+3.25628137E+00
+22.45000E-03,+2.41959796E+00
+22.50000E-03,+306.53266E-03
+22.55000E-03,-40.20100E-03
+22.60000E-03,-40.20100E-03
+22.65000E-03,+173.36683E-03
+22.70000E-03,+2.05527636E+00
+22.75000E-03,+3.22361806E+00
+22.80000E-03,+3.25628137E+00
+22.85000E-03,+3.28643213E+00
+22.90000E-03,+3.25628137E+00
+22.95000E-03,+2.86180901E+00
+23.00000E-03,+0.0E+00
+23.05000E-03,-40.20100E-03
+23.10000E-03,-40.20100E-03
+23.15000E-03,+1.40703516E+00
+23.20000E-03,+3.21608037E+00
+23.25000E-03,+3.25628137E+00
+23.30000E-03,+3.26381906E+00
+23.35000E-03,+3.25628137E+00
+23.40000E-03,+3.22361806E+00
+23.45000E-03,+989.94974E-03
+23.50000E-03,-40.20100E-03
+23.55000E-03,-40.20100E-03
+23.60000E-03,+62.81407E-03
+23.65000E-03,+1.11557788E+00
+23.70000E-03,+3.21608037E+00
+23.75000E-03,+3.25628137E+00
+23.80000E-03,+3.28643213E+00
+23.85000E-03,+3.17587936E+00
+23.90000E-03,+1.54271355E+00
+23.95000E-03,-40.20100E-03
+24.00000E-03,-70.35176E-03
+24.05000E-03,-70.35176E-03
+24.10000E-03,+213.56784E-03
+24.15000E-03,+2.33668339E+00
+24.20000E-03,+3.24623112E+00
+24.25000E-03,+3.25628137E+00
+24.30000E-03,+3.25628137E+00
+24.35000E-03,+2.97487434E+00
+24.40000E-03,+1.20603014E+00
+24.45000E-03,-40.20100E-03
+24.50000E-03,-40.20100E-03
+24.55000E-03,-40.20100E-03
+24.60000E-03,+1.87185928E+00
+24.65000E-03,+3.21608037E+00
+24.70000E-03,+3.26381906E+00
+24.75000E-03,+3.28643213E+00
+24.80000E-03,+3.25628137E+00
+24.85000E-03,+3.25628137E+00
+24.90000E-03,+72.86432E-03
+24.95000E-03,-70.35176E-03
+25.00000E-03,-40.20100E-03
+25.05000E-03,+816.58291E-03
+25.10000E-03,+2.71608037E+00
+25.15000E-03,+3.25628137E+00
+25.20000E-03,+3.25628137E+00
+25.25000E-03,+3.26381906E+00
+25.30000E-03,+3.25628137E+00
+25.35000E-03,+1.19095476E+00
+25.40000E-03,-40.20100E-03
+25.45000E-03,-47.73869E-03
+25.50000E-03,-40.20100E-03
+25.55000E-03,+625.62813E-03
+25.60000E-03,+3.21608037E+00
+25.65000E-03,+3.24623112E+00
+25.70000E-03,+3.25628137E+00
+25.75000E-03,+3.22361806E+00
+25.80000E-03,+2.37185927E+00
+25.85000E-03,+0.0E+00
+25.90000E-03,-40.20100E-03
+25.95000E-03,-40.20100E-03
+26.00000E-03,+80.40201E-03
+26.05000E-03,+2.27386932E+00
+26.10000E-03,+3.21608037E+00
+26.15000E-03,+3.25628137E+00
+26.20000E-03,+3.24623112E+00
+26.25000E-03,+3.06281404E+00
+26.30000E-03,+2.19597988E+00
+26.35000E-03,-40.20100E-03
+26.40000E-03,-40.20100E-03
+26.45000E-03,-70.35176E-03
+26.50000E-03,+1.28643215E+00
+26.55000E-03,+3.21608037E+00
+26.60000E-03,+3.26381906E+00
+26.65000E-03,+3.25628137E+00
+26.70000E-03,+3.25628137E+00
+26.75000E-03,+3.22361806E+00
+26.80000E-03,+547.73869E-03
+26.85000E-03,-40.20100E-03
+26.90000E-03,-40.20100E-03
+26.95000E-03,+505.02512E-03
+27.00000E-03,+1.68592963E+00
+27.05000E-03,+3.21608037E+00
+27.10000E-03,+3.25628137E+00
+27.15000E-03,+3.25628137E+00
+27.20000E-03,+3.25628137E+00
+27.25000E-03,+1.70351757E+00
+27.30000E-03,-30.15075E-03
+27.35000E-03,-40.20100E-03
+27.40000E-03,-47.73869E-03
+27.45000E-03,+464.82412E-03
+27.50000E-03,+2.97236178E+00
+27.55000E-03,+3.25628137E+00
+27.60000E-03,+3.26381906E+00
+27.65000E-03,+3.25628137E+00
+27.70000E-03,+2.54773867E+00
+27.75000E-03,+603.01507E-03
+27.80000E-03,-40.20100E-03
+27.85000E-03,-70.35176E-03
+27.90000E-03,-40.20100E-03
+27.95000E-03,+1.87185928E+00
+28.00000E-03,+3.21608037E+00
+28.05000E-03,+3.26381906E+00
+28.10000E-03,+3.26381906E+00
+28.15000E-03,+3.25628137E+00
+28.20000E-03,+3.22361806E+00
+28.25000E-03,+2.90201002E+00
+28.30000E-03,+1.81658290E+00
+28.35000E-03,+1.44723617E+00
+28.40000E-03,+1.67839194E+00
+28.45000E-03,+859.29647E-03
+28.50000E-03,-40.20100E-03
+28.55000E-03,-40.20100E-03
+28.60000E-03,+271.35678E-03
+28.65000E-03,+1.90201003E+00
+28.70000E-03,+2.88442208E+00
+28.75000E-03,+3.25628137E+00
+28.80000E-03,+3.25628137E+00
+28.85000E-03,+3.25628137E+00
+28.90000E-03,+3.25628137E+00
+28.95000E-03,+3.28643213E+00
+29.00000E-03,+3.27889444E+00
+29.05000E-03,+3.26381906E+00
+29.10000E-03,+3.11055273E+00
+29.15000E-03,+2.17839194E+00
+29.20000E-03,+1.35678391E+00
+29.25000E-03,+1.28643215E+00
+29.30000E-03,+1.07537687E+00
+29.35000E-03,+281.40703E-03
+29.40000E-03,-40.20100E-03
+29.45000E-03,-70.35176E-03
+29.50000E-03,-70.35176E-03
+29.55000E-03,-47.73869E-03
+29.60000E-03,+826.63316E-03
+29.65000E-03,+2.89447233E+00
+29.70000E-03,+3.25628137E+00
+29.75000E-03,+3.26381906E+00
+29.80000E-03,+3.28643213E+00
+29.85000E-03,+3.25628137E+00
+29.90000E-03,+3.29648238E+00
+29.95000E-03,+3.26381906E+00
+30.00000E-03,+3.25628137E+00
+30.05000E-03,+3.25628137E+00
+30.10000E-03,+3.22361806E+00
+30.15000E-03,+32.66332E-03
+30.20000E-03,-40.20100E-03
+30.25000E-03,-40.20100E-03
+30.30000E-03,+763.81909E-03
+30.35000E-03,+2.61809042E+00
+30.40000E-03,+3.22361806E+00
+30.45000E-03,+3.25628137E+00
+30.50000E-03,+3.25628137E+00
+30.55000E-03,+3.25628137E+00
+30.60000E-03,+1.82412058E+00
+30.65000E-03,-40.20100E-03
+30.70000E-03,-40.20100E-03
+30.75000E-03,-40.20100E-03
+30.80000E-03,+633.16582E-03
+30.85000E-03,+3.17587936E+00
+30.90000E-03,+3.25628137E+00
+30.95000E-03,+3.25628137E+00
+31.00000E-03,+3.28643213E+00
+31.05000E-03,+2.33919595E+00
+31.10000E-03,+2.09045224E+00
+31.15000E-03,+1.79899496E+00
+31.20000E-03,+1.26130652E+00
+31.25000E-03,+723.61808E-03
+31.30000E-03,+208.54271E-03
+31.35000E-03,-70.35176E-03
+31.40000E-03,-40.20100E-03
+31.45000E-03,-80.40201E-03
+31.50000E-03,+1.09045225E+00
+31.55000E-03,+2.84422108E+00
+31.60000E-03,+3.25628137E+00
+31.65000E-03,+3.25628137E+00
+31.70000E-03,+3.25628137E+00
+31.75000E-03,+3.26381906E+00
+31.80000E-03,+3.28643213E+00
+31.85000E-03,+3.25628137E+00
+31.90000E-03,+3.26381906E+00
+31.95000E-03,+3.25628137E+00
+32.00000E-03,+3.22361806E+00
+32.05000E-03,+756.28140E-03
+32.10000E-03,-40.20100E-03
+32.15000E-03,-40.20100E-03
+32.20000E-03,+263.81909E-03
+32.25000E-03,+1.56783918E+00
+32.30000E-03,+3.24623112E+00
+32.35000E-03,+3.22361806E+00
+32.40000E-03,+3.25628137E+00
+32.45000E-03,+3.24623112E+00
+32.50000E-03,+2.14572862E+00
+32.55000E-03,+1.56783918E+00
+32.60000E-03,+1.32663315E+00
+32.65000E-03,+1.33417084E+00
+32.70000E-03,+834.17085E-03
+32.75000E-03,-40.20100E-03
+32.80000E-03,-70.35176E-03
+32.85000E-03,-80.40201E-03
+32.90000E-03,-70.35176E-03
+32.95000E-03,+1.01005024E+00
+33.00000E-03,+3.21608037E+00
+33.05000E-03,+3.25628137E+00
+33.10000E-03,+3.25628137E+00
+33.15000E-03,+3.25628137E+00
+33.20000E-03,+2.93467334E+00
+33.25000E-03,+346.73366E-03
+33.30000E-03,-40.20100E-03
+33.35000E-03,-40.20100E-03
+33.40000E-03,+361.80904E-03
+33.45000E-03,+2.75628138E+00
+33.50000E-03,+3.24623112E+00
+33.55000E-03,+3.24623112E+00
+33.60000E-03,+3.26381906E+00
+33.65000E-03,+3.25628137E+00
+33.70000E-03,+2.78140701E+00
+33.75000E-03,-30.15075E-03
+33.80000E-03,-40.20100E-03
+33.85000E-03,-7.53769E-03
+33.90000E-03,+1.03517587E+00
+33.95000E-03,+2.28140701E+00
+34.00000E-03,+3.21608037E+00
+34.05000E-03,+3.25628137E+00
+34.10000E-03,+3.25628137E+00
+34.15000E-03,+3.28643213E+00
+34.20000E-03,+3.25628137E+00
+34.25000E-03,+3.25628137E+00
+34.30000E-03,+3.25628137E+00
+34.35000E-03,+3.26381906E+00
+34.40000E-03,+2.05025123E+00
+34.45000E-03,+1.37437184E+00
+34.50000E-03,+1.31658290E+00
+34.55000E-03,+763.81909E-03
+34.60000E-03,+296.48241E-03
+34.65000E-03,-40.20100E-03
+34.70000E-03,-47.73869E-03
+34.75000E-03,-70.35176E-03
+34.80000E-03,-40.20100E-03
+34.85000E-03,+924.62311E-03
+34.90000E-03,+3.21608037E+00
+34.95000E-03,+3.25628137E+00
+35.00000E-03,+3.25628137E+00
+35.05000E-03,+3.26381906E+00
+35.10000E-03,+3.25628137E+00
+35.15000E-03,+1.90452259E+00
+35.20000E-03,-40.20100E-03
+35.25000E-03,-40.20100E-03
+35.30000E-03,+278.89447E-03
+35.35000E-03,+2.06281405E+00
+35.40000E-03,+3.24623112E+00
+35.45000E-03,+3.25628137E+00
+35.50000E-03,+3.25628137E+00
+35.55000E-03,+3.25628137E+00
+35.60000E-03,+2.78140701E+00
+35.65000E-03,+0.0E+00
+35.70000E-03,-40.20100E-03
+35.75000E-03,-80.40201E-03
+35.80000E-03,+522.61306E-03
+35.85000E-03,+1.89447234E+00
+35.90000E-03,+3.22361806E+00
+35.95000E-03,+3.25628137E+00
+36.00000E-03,+3.25628137E+00
+36.05000E-03,+2.86180901E+00
+36.10000E-03,+474.87437E-03
+36.15000E-03,-40.20100E-03
+36.20000E-03,-47.73869E-03
+36.25000E-03,-40.20100E-03
+36.30000E-03,+954.77386E-03
+36.35000E-03,+3.24623112E+00
+36.40000E-03,+3.25628137E+00
+36.45000E-03,+3.25628137E+00
+36.50000E-03,+3.14321605E+00
+36.55000E-03,+2.70854268E+00
+36.60000E-03,+15.07538E-03
+36.65000E-03,-47.73869E-03
+36.70000E-03,-70.35176E-03
+36.75000E-03,+648.24120E-03
+36.80000E-03,+2.72361806E+00
+36.85000E-03,+3.25628137E+00
+36.90000E-03,+3.25628137E+00
+36.95000E-03,+3.25628137E+00
+37.00000E-03,+3.25628137E+00
+37.05000E-03,+3.29648238E+00
+37.10000E-03,+3.25628137E+00
+37.15000E-03,+3.28643213E+00
+37.20000E-03,+3.25628137E+00
+37.25000E-03,+3.25628137E+00
+37.30000E-03,+2.49999997E+00
+37.35000E-03,+1.65577888E+00
+37.40000E-03,+1.04522612E+00
+37.45000E-03,+1.21356783E+00
+37.50000E-03,+924.62311E-03
+37.55000E-03,-40.20100E-03
+37.60000E-03,-40.20100E-03
+37.65000E-03,-70.35176E-03
+37.70000E-03,+361.80904E-03
+37.75000E-03,+1.58040199E+00
+37.80000E-03,+2.91708540E+00
+37.85000E-03,+3.25628137E+00
+37.90000E-03,+3.25628137E+00
+37.95000E-03,+3.25628137E+00
+38.00000E-03,+3.28643213E+00
+38.05000E-03,+3.26381906E+00
+38.10000E-03,+3.28643213E+00
+38.15000E-03,+3.28643213E+00
+38.20000E-03,+2.33919595E+00
+38.25000E-03,+836.68341E-03
+38.30000E-03,-40.20100E-03
+38.35000E-03,-47.73869E-03
+38.40000E-03,-40.20100E-03
+38.45000E-03,+1.43718591E+00
+38.50000E-03,+3.24623112E+00
+38.55000E-03,+3.25628137E+00
+38.60000E-03,+3.26381906E+00
+38.65000E-03,+3.28643213E+00
+38.70000E-03,+3.25628137E+00
+38.75000E-03,+3.02261303E+00
+38.80000E-03,+2.28140701E+00
+38.85000E-03,+1.68844219E+00
+38.90000E-03,+2.13819093E+00
+38.95000E-03,+1.65577888E+00
+39.00000E-03,-40.20100E-03
+39.05000E-03,-40.20100E-03
+39.10000E-03,-40.20100E-03
+39.15000E-03,+1.56783918E+00
+39.20000E-03,+2.75628138E+00
+39.25000E-03,+3.25628137E+00
+39.30000E-03,+3.28643213E+00
+39.35000E-03,+3.25628137E+00
+39.40000E-03,+3.25628137E+00
+39.45000E-03,+3.25628137E+00
+39.50000E-03,+3.25628137E+00
+39.55000E-03,+3.25628137E+00
+39.60000E-03,+3.21608037E+00
+39.65000E-03,+1.97738691E+00
+39.70000E-03,+1.48743717E+00
+39.75000E-03,+1.17336682E+00
+39.80000E-03,+939.69848E-03
+39.85000E-03,+361.80904E-03
+39.90000E-03,-30.15075E-03
+39.95000E-03,-80.40201E-03
+40.00000E-03,-70.35176E-03
+40.05000E-03,-40.20100E-03
+40.10000E-03,+977.38692E-03
+40.15000E-03,+2.80402007E+00
+40.20000E-03,+3.25628137E+00
+40.25000E-03,+3.26381906E+00
+40.30000E-03,+3.28643213E+00
+40.35000E-03,+3.25628137E+00
+40.40000E-03,+3.26381906E+00
+40.45000E-03,+3.25628137E+00
+40.50000E-03,+3.25628137E+00
+40.55000E-03,+3.25628137E+00
+40.60000E-03,+3.25628137E+00
+40.65000E-03,+635.67839E-03
+40.70000E-03,-40.20100E-03
+40.75000E-03,-80.40201E-03
+40.80000E-03,+424.62311E-03
+40.85000E-03,+2.04020098E+00
+40.90000E-03,+3.25628137E+00
+40.95000E-03,+3.25628137E+00
+41.00000E-03,+3.25628137E+00
+41.05000E-03,+3.25628137E+00
+41.10000E-03,+1.97738691E+00
+41.15000E-03,-30.15075E-03
+41.20000E-03,-47.73869E-03
+41.25000E-03,-80.40201E-03
+41.30000E-03,+311.55779E-03
+41.35000E-03,+2.80150751E+00
+41.40000E-03,+3.22361806E+00
+41.45000E-03,+3.26381906E+00
+41.50000E-03,+3.25628137E+00
+41.55000E-03,+2.37185927E+00
+41.60000E-03,+1.77638189E+00
+41.65000E-03,+1.79899496E+00
+41.70000E-03,+1.08542712E+00
+41.75000E-03,+587.93969E-03
+41.80000E-03,+424.62311E-03
+41.85000E-03,-40.20100E-03
+41.90000E-03,-70.35176E-03
+41.95000E-03,-47.73869E-03
+42.00000E-03,+673.36683E-03
+42.05000E-03,+2.78643213E+00
+42.10000E-03,+3.25628137E+00
+42.15000E-03,+3.25628137E+00
+42.20000E-03,+3.25628137E+00
+42.25000E-03,+3.25628137E+00
+42.30000E-03,+3.28643213E+00
+42.35000E-03,+3.26381906E+00
+42.40000E-03,+3.25628137E+00
+42.45000E-03,+3.29648238E+00
+42.50000E-03,+3.25628137E+00
+42.55000E-03,+2.94221102E+00
+42.60000E-03,+1.77638189E+00
+42.65000E-03,+1.48743717E+00
+42.70000E-03,+1.59798993E+00
+42.75000E-03,+1.10050250E+00
+42.80000E-03,-40.20100E-03
+42.85000E-03,-70.35176E-03
+42.90000E-03,-40.20100E-03
+42.95000E-03,+535.17587E-03
+43.00000E-03,+1.69346732E+00
+43.05000E-03,+3.21608037E+00
+43.10000E-03,+3.26381906E+00
+43.15000E-03,+3.26381906E+00
+43.20000E-03,+3.11055273E+00
+43.25000E-03,+1.54271355E+00
+43.30000E-03,-7.53769E-03
+43.35000E-03,-40.20100E-03
+43.40000E-03,-70.35176E-03
+43.45000E-03,+592.96482E-03
+43.50000E-03,+3.17587936E+00
+43.55000E-03,+3.22361806E+00
+43.60000E-03,+3.25628137E+00
+43.65000E-03,+3.25628137E+00
+43.70000E-03,+3.11055273E+00
+43.75000E-03,+1.19095476E+00
+43.80000E-03,-7.53769E-03
+43.85000E-03,-40.20100E-03
+43.90000E-03,+143.21608E-03
+43.95000E-03,+2.23366832E+00
+44.00000E-03,+3.22361806E+00
+44.05000E-03,+3.25628137E+00
+44.10000E-03,+3.27135675E+00
+44.15000E-03,+3.28643213E+00
+44.20000E-03,+3.07035173E+00
+44.25000E-03,+0.0E+00
+44.30000E-03,-7.53769E-03
+44.35000E-03,-40.20100E-03
+44.40000E-03,+947.23617E-03
+44.45000E-03,+2.81909545E+00
+44.50000E-03,+3.21608037E+00
+44.55000E-03,+3.24623112E+00
+44.60000E-03,+3.25628137E+00
+44.65000E-03,+3.05527635E+00
+44.70000E-03,+329.14573E-03
+44.75000E-03,-40.20100E-03
+44.80000E-03,-40.20100E-03
+44.85000E-03,-80.40201E-03
+44.90000E-03,+896.98492E-03
+44.95000E-03,+3.21608037E+00
+45.00000E-03,+3.28643213E+00
+45.05000E-03,+3.25628137E+00
+45.10000E-03,+3.06281404E+00
+45.15000E-03,+2.21859294E+00
+45.20000E-03,+0.0E+00
+45.25000E-03,-40.20100E-03
+45.30000E-03,-70.35176E-03
+45.35000E-03,+263.81909E-03
+45.40000E-03,+3.05276379E+00
+45.45000E-03,+3.24623112E+00
+45.50000E-03,+3.25628137E+00
+45.55000E-03,+3.26381906E+00
+45.60000E-03,+3.25628137E+00
+45.65000E-03,+2.27638189E+00
+45.70000E-03,+0.0E+00
+45.75000E-03,-40.20100E-03
+45.80000E-03,+223.61809E-03
+45.85000E-03,+1.87185928E+00
+45.90000E-03,+3.22361806E+00
+45.95000E-03,+3.25628137E+00
+46.00000E-03,+3.25628137E+00
+46.05000E-03,+3.25628137E+00
+46.10000E-03,+3.10301504E+00
+46.15000E-03,+0.0E+00
+46.20000E-03,-40.20100E-03
+46.25000E-03,-70.35176E-03
+46.30000E-03,+402.01005E-03
+46.35000E-03,+1.80653264E+00
+46.40000E-03,+3.25628137E+00
+46.45000E-03,+3.25628137E+00
