x-axis,1
second,Volt
+560.00E-06,-178.37625E-03
+580.00E-06,-60.28580E-03
+600.00E-06,-69.70791E-03
+620.00E-06,-158.90389E-03
+640.00E-06,-316.25313E-03
+660.00E-06,-576.61745E-03
+680.00E-06,-1.13848931E+00
+700.00E-06,-1.86022297E+00
+720.00E-06,-2.04049935E+00
+740.00E-06,-2.04426819E+00
+760.00E-06,-2.04521040E+00
+780.00E-06,-2.03673050E+00
+800.00E-06,-2.03547422E+00
+820.00E-06,-2.02887874E+00
+840.00E-06,-2.02793653E+00
+860.00E-06,-2.00155462E+00
+880.00E-06,-1.81750940E+00
+900.00E-06,-1.40262247E+00
+920.00E-06,-968.89132E-03
+940.00E-06,-589.49434E-03
+960.00E-06,-327.55967E-03
+980.00E-06,-76.93153E-03
+1.00000E-03,+191.91269E-03
+1.02000E-03,+538.01821E-03
+1.04000E-03,+857.42776E-03
+1.06000E-03,+1.10114635E+00
+1.08000E-03,+1.20510363E+00
+1.10000E-03,+1.23776695E+00
+1.12000E-03,+1.24090765E+00
+1.14000E-03,+1.23870916E+00
+1.16000E-03,+1.23619660E+00
+1.18000E-03,+1.23368404E+00
+1.20000E-03,+1.23117147E+00
+1.22000E-03,+1.22865891E+00
+1.24000E-03,+1.22614635E+00
+1.26000E-03,+1.22363378E+00
+1.28000E-03,+1.22331971E+00
+1.30000E-03,+1.22112122E+00
+1.32000E-03,+1.21860866E+00
+1.34000E-03,+1.21609610E+00
+1.36000E-03,+1.21578203E+00
+1.38000E-03,+1.21358353E+00
+1.40000E-03,+1.21326946E+00
+1.42000E-03,+1.20447549E+00
+1.44000E-03,+915.21670E-03
+1.46000E-03,+115.59360E-03
+1.48000E-03,-924.92147E-03
+1.50000E-03,-1.84075060E+00
+1.52000E-03,-2.05369030E+00
+1.54000E-03,-2.05714507E+00
+1.56000E-03,-2.05557472E+00
+1.58000E-03,-2.04458226E+00
+1.60000E-03,-2.04521040E+00
+1.62000E-03,-2.03453201E+00
+1.64000E-03,-1.98459482E+00
+1.66000E-03,-1.71826317E+00
+1.68000E-03,-1.19533604E+00
+1.70000E-03,-209.15514E-03
+1.72000E-03,+961.69911E-03
+1.74000E-03,+1.23117147E+00
+1.76000E-03,+1.24404836E+00
+1.78000E-03,+1.23902323E+00
+1.80000E-03,+1.23619660E+00
+1.82000E-03,+1.23368404E+00
+1.84000E-03,+1.23117147E+00
+1.86000E-03,+1.22865891E+00
+1.88000E-03,+1.22834484E+00
+1.90000E-03,+1.22614635E+00
+1.92000E-03,+1.22363378E+00
+1.94000E-03,+1.21892273E+00
+1.96000E-03,+1.00504082E+00
+1.98000E-03,+242.47802E-03
+2.00000E-03,-864.61996E-03
+2.02000E-03,-1.84546166E+00
+2.04000E-03,-2.04866518E+00
+2.06000E-03,-2.04960739E+00
+2.08000E-03,-2.04803703E+00
+2.10000E-03,-2.03924306E+00
+2.12000E-03,-2.03798678E+00
+2.14000E-03,-2.02479583E+00
+2.16000E-03,-1.86901694E+00
+2.18000E-03,-1.31719533E+00
+2.20000E-03,-430.26067E-03
+2.22000E-03,+734.31218E-03
+2.24000E-03,+1.20730213E+00
+2.26000E-03,+1.24907348E+00
+2.28000E-03,+1.24624685E+00
+2.30000E-03,+1.23933730E+00
+2.32000E-03,+1.23619660E+00
+2.34000E-03,+1.23148554E+00
+2.36000E-03,+1.23085740E+00
+2.38000E-03,+1.22865891E+00
+2.40000E-03,+1.22614635E+00
+2.42000E-03,+1.22363378E+00
+2.44000E-03,+1.22331971E+00
+2.46000E-03,+1.21892273E+00
+2.48000E-03,+815.97047E-03
+2.50000E-03,-191.25313E-03
+2.52000E-03,-1.34923051E+00
+2.54000E-03,-1.98114005E+00
+2.56000E-03,-2.05494658E+00
+2.58000E-03,-2.04678075E+00
+2.60000E-03,-2.04552447E+00
+2.62000E-03,-2.03673050E+00
+2.64000E-03,-2.03767271E+00
+2.66000E-03,-2.02919281E+00
+2.68000E-03,-2.02353955E+00
+2.70000E-03,-1.84703201E+00
+2.72000E-03,-1.24590136E+00
+2.74000E-03,-136.91896E-03
+2.76000E-03,+1.02105841E+00
+2.78000E-03,+1.24467650E+00
+2.80000E-03,+1.25158605E+00
+2.82000E-03,+1.24656092E+00
+2.84000E-03,+1.24153579E+00
+2.86000E-03,+1.23651067E+00
+2.88000E-03,+1.23368404E+00
+2.90000E-03,+1.23117147E+00
+2.92000E-03,+1.22426193E+00
+2.94000E-03,+1.08261620E+00
+2.96000E-03,+512.89259E-03
+2.98000E-03,-379.06720E-03
+3.00000E-03,-1.53296166E+00
+3.02000E-03,-1.99998427E+00
+3.04000E-03,-2.04552447E+00
+3.06000E-03,-2.03892899E+00
+3.08000E-03,-2.04018528E+00
+3.10000E-03,-2.03170538E+00
+3.12000E-03,-2.03264759E+00
+3.14000E-03,-2.02416769E+00
+3.16000E-03,-2.02510990E+00
+3.18000E-03,-2.01443151E+00
+3.20000E-03,-1.97548678E+00
+3.22000E-03,-1.53264759E+00
+3.24000E-03,-456.64258E-03
+3.26000E-03,+901.71168E-03
+3.28000E-03,+1.24216394E+00
+3.30000E-03,+1.26163630E+00
+3.32000E-03,+1.25661117E+00
+3.34000E-03,+1.25158605E+00
+3.36000E-03,+1.24656092E+00
+3.38000E-03,+1.24373429E+00
+3.40000E-03,+1.24122172E+00
+3.42000E-03,+1.23651067E+00
+3.44000E-03,+1.23368404E+00
+3.46000E-03,+1.22897298E+00
+3.48000E-03,+1.21735238E+00
+3.50000E-03,+958.55841E-03
+3.52000E-03,+161.13380E-03
+3.54000E-03,-917.06971E-03
+3.56000E-03,-1.85802447E+00
+3.58000E-03,-2.03421794E+00
+3.60000E-03,-2.04301191E+00
+3.62000E-03,-2.03421794E+00
+3.64000E-03,-2.03516015E+00
+3.66000E-03,-2.02887874E+00
+3.68000E-03,-2.02793653E+00
+3.70000E-03,-1.98176819E+00
+3.72000E-03,-1.54866518E+00
+3.74000E-03,-643.51444E-03
+3.76000E-03,+523.57098E-03
+3.78000E-03,+1.18751569E+00
+3.80000E-03,+1.25880966E+00
+3.82000E-03,+1.25629710E+00
+3.84000E-03,+1.25158605E+00
+3.86000E-03,+1.24436243E+00
+3.88000E-03,+1.24122172E+00
+3.90000E-03,+1.23870916E+00
+3.92000E-03,+1.23399811E+00
+3.94000E-03,+1.23117147E+00
+3.96000E-03,+1.22865891E+00
+3.98000E-03,+1.17777951E+00
+4.00000E-03,+706.67399E-03
+4.02000E-03,-206.01444E-03
+4.04000E-03,-1.37121543E+00
+4.06000E-03,-1.97988377E+00
+4.08000E-03,-2.04772296E+00
+4.10000E-03,-2.03924306E+00
+4.12000E-03,-2.03798678E+00
+4.14000E-03,-2.03139131E+00
+4.16000E-03,-2.03264759E+00
+4.18000E-03,-2.02196920E+00
+4.20000E-03,-1.96983352E+00
+4.22000E-03,-1.66141644E+00
+4.24000E-03,-1.19627825E+00
+4.26000E-03,-432.45916E-03
+4.28000E-03,+672.75439E-03
+4.30000E-03,+1.20761620E+00
+4.32000E-03,+1.25912373E+00
+4.34000E-03,+1.25409861E+00
+4.36000E-03,+1.24907348E+00
+4.38000E-03,+1.24624685E+00
+4.40000E-03,+1.24153579E+00
+4.42000E-03,+1.23651067E+00
+4.44000E-03,+1.23368404E+00
+4.46000E-03,+1.23117147E+00
+4.48000E-03,+1.22865891E+00
+4.50000E-03,+1.05906092E+00
+4.52000E-03,+296.18405E-03
+4.54000E-03,-752.49685E-03
+4.56000E-03,-1.78861493E+00
+4.58000E-03,-2.02730839E+00
+4.60000E-03,-2.04521040E+00
+4.62000E-03,-2.03673050E+00
+4.64000E-03,-2.03547422E+00
+4.66000E-03,-2.02887874E+00
+4.68000E-03,-2.02793653E+00
+4.70000E-03,-2.01694407E+00
+4.72000E-03,-2.01097673E+00
+4.74000E-03,-1.89822548E+00
+4.76000E-03,-1.36776066E+00
+4.78000E-03,-254.38127E-03
+4.80000E-03,+980.22926E-03
+4.82000E-03,+1.24750313E+00
+4.84000E-03,+1.26132223E+00
+4.86000E-03,+1.25661117E+00
+4.88000E-03,+1.25378454E+00
+4.90000E-03,+1.24907348E+00
+4.92000E-03,+1.24404836E+00
+4.94000E-03,+1.23902323E+00
+4.96000E-03,+1.23619660E+00
+4.98000E-03,+1.22928705E+00
+5.00000E-03,+1.15579459E+00
+5.02000E-03,+780.48052E-03
+5.04000E-03,-14.74560E-03
+5.06000E-03,-1.16958227E+00
+5.08000E-03,-1.95255965E+00
+5.10000E-03,-2.03861492E+00
+5.12000E-03,-2.04018528E+00
+5.14000E-03,-2.03170538E+00
+5.16000E-03,-2.03264759E+00
+5.18000E-03,-2.02416769E+00
+5.20000E-03,-2.02510990E+00
+5.22000E-03,-2.01663000E+00
+5.24000E-03,-2.00657975E+00
+5.26000E-03,-1.64037372E+00
+5.28000E-03,-787.98680E-03
+5.30000E-03,+377.21420E-03
+5.32000E-03,+1.17149811E+00
+5.34000E-03,+1.26352072E+00
+5.36000E-03,+1.25912373E+00
+5.38000E-03,+1.25409861E+00
+5.40000E-03,+1.25127198E+00
+5.42000E-03,+1.24656092E+00
+5.44000E-03,+1.24153579E+00
+5.46000E-03,+1.23870916E+00
+5.48000E-03,+1.23619660E+00
+5.50000E-03,+1.23368404E+00
+5.52000E-03,+1.23117147E+00
+5.54000E-03,+1.10994032E+00
+5.56000E-03,+224.26194E-03
+5.58000E-03,-1.00563755E+00
+5.60000E-03,-1.91549935E+00
+5.62000E-03,-2.03830085E+00
+5.64000E-03,-2.04269784E+00
+5.66000E-03,-2.03421794E+00
+5.68000E-03,-2.03296166E+00
+5.70000E-03,-2.02196920E+00
+5.72000E-03,-1.84232096E+00
+5.74000E-03,-1.31562498E+00
+5.76000E-03,-782.33353E-03
+5.78000E-03,-151.36620E-03
+5.80000E-03,+725.20414E-03
+5.82000E-03,+1.20604585E+00
+5.84000E-03,+1.25629710E+00
+5.86000E-03,+1.25158605E+00
+5.88000E-03,+1.24656092E+00
+5.90000E-03,+1.24153579E+00
+5.92000E-03,+1.23870916E+00
+5.94000E-03,+1.23619660E+00
+5.96000E-03,+1.23368404E+00
+5.98000E-03,+1.23117147E+00
+6.00000E-03,+1.22865891E+00
+6.02000E-03,+1.20855841E+00
+6.04000E-03,+904.53831E-03
+6.06000E-03,+296.49812E-03
+6.08000E-03,-558.08730E-03
+6.10000E-03,-1.56122799E+00
+6.12000E-03,-2.00532347E+00
+6.14000E-03,-2.04175563E+00
+6.16000E-03,-2.04269784E+00
+6.18000E-03,-2.03421794E+00
+6.20000E-03,-2.03516015E+00
+6.22000E-03,-2.02668025E+00
+6.24000E-03,-2.02762246E+00
+6.26000E-03,-2.01914256E+00
+6.28000E-03,-1.96512246E+00
+6.30000E-03,-1.37938126E+00
+6.32000E-03,-296.46670E-03
+6.34000E-03,+906.10866E-03
+6.36000E-03,+1.23556846E+00
+6.38000E-03,+1.25880966E+00
+6.40000E-03,+1.25409861E+00
+6.42000E-03,+1.24907348E+00
+6.44000E-03,+1.24624685E+00
+6.46000E-03,+1.24153579E+00
+6.48000E-03,+1.23870916E+00
+6.50000E-03,+1.23619660E+00
+6.52000E-03,+1.23368404E+00
+6.54000E-03,+1.23117147E+00
+6.56000E-03,+1.20227700E+00
+6.58000E-03,+569.42525E-03
+6.60000E-03,-718.57725E-03
+6.62000E-03,-1.83729583E+00
+6.64000E-03,-2.03861492E+00
+6.66000E-03,-2.03924306E+00
+6.68000E-03,-2.03798678E+00
+6.70000E-03,-2.03139131E+00
+6.72000E-03,-2.03044910E+00
+6.74000E-03,-1.97548678E+00
+6.76000E-03,-1.53233352E+00
+6.78000E-03,-755.63755E-03
+6.80000E-03,+166.47299E-03
+6.82000E-03,+1.06188756E+00
+6.84000E-03,+1.24781720E+00
+6.86000E-03,+1.25409861E+00
+6.88000E-03,+1.24907348E+00
+6.90000E-03,+1.24404836E+00
+6.92000E-03,+1.23902323E+00
+6.94000E-03,+1.23619660E+00
+6.96000E-03,+1.23368404E+00
+6.98000E-03,+1.23117147E+00
+7.00000E-03,+1.23085740E+00
+7.02000E-03,+1.22865891E+00
+7.04000E-03,+1.22614635E+00
+7.06000E-03,+1.22143529E+00
+7.08000E-03,+886.63630E-03
+7.10000E-03,-137.23303E-03
+7.12000E-03,-1.41549935E+00
+7.14000E-03,-1.99150437E+00
+7.16000E-03,-2.05054960E+00
+7.18000E-03,-2.04175563E+00
+7.20000E-03,-2.04049935E+00
+7.22000E-03,-2.03390387E+00
+7.24000E-03,-2.03296166E+00
+7.26000E-03,-1.91644156E+00
+7.28000E-03,-1.51725815E+00
+7.30000E-03,-987.73554E-03
+7.32000E-03,-253.75313E-03
+7.34000E-03,+824.13630E-03
+7.36000E-03,+1.21955087E+00
+7.38000E-03,+1.25378454E+00
+7.40000E-03,+1.24907348E+00
+7.42000E-03,+1.24184986E+00
+7.44000E-03,+1.23870916E+00
+7.46000E-03,+1.23619660E+00
+7.48000E-03,+1.23368404E+00
+7.50000E-03,+1.23117147E+00
+7.52000E-03,+1.22865891E+00
+7.54000E-03,+1.22614635E+00
+7.56000E-03,+1.15108353E+00
+7.58000E-03,+777.65389E-03
+7.60000E-03,+86.07098E-03
+7.62000E-03,-880.32348E-03
+7.64000E-03,-1.85614005E+00
+7.66000E-03,-2.03704457E+00
+7.68000E-03,-2.04552447E+00
+7.70000E-03,-2.03673050E+00
+7.72000E-03,-2.03767271E+00
+7.74000E-03,-2.02919281E+00
+7.76000E-03,-2.03013502E+00
+7.78000E-03,-2.02385362E+00
+7.80000E-03,-2.01631593E+00
+7.82000E-03,-1.69659231E+00
+7.84000E-03,-804.63253E-03
+7.86000E-03,+466.09610E-03
+7.88000E-03,+1.18217650E+00
+7.90000E-03,+1.25880966E+00
+7.92000E-03,+1.25409861E+00
+7.94000E-03,+1.24907348E+00
+7.96000E-03,+1.24624685E+00
+7.98000E-03,+1.24153579E+00
+8.00000E-03,+1.23870916E+00
+8.02000E-03,+1.23399811E+00
+8.04000E-03,+1.23117147E+00
+8.06000E-03,+1.22206343E+00
+8.08000E-03,+1.01414886E+00
+8.10000E-03,+300.89510E-03
+8.12000E-03,-891.63001E-03
+8.14000E-03,-1.88346417E+00
+8.16000E-03,-2.04238377E+00
+8.18000E-03,-2.03704457E+00
+8.20000E-03,-2.03767271E+00
+8.22000E-03,-2.02919281E+00
+8.24000E-03,-2.03013502E+00
+8.26000E-03,-2.02165513E+00
+8.28000E-03,-2.02039884E+00
+8.30000E-03,-1.95664256E+00
+8.32000E-03,-1.64634106E+00
+8.34000E-03,-1.08886619E+00
+8.36000E-03,-278.87876E-03
+8.38000E-03,+815.65640E-03
+8.40000E-03,+1.22520414E+00
+8.42000E-03,+1.26132223E+00
+8.44000E-03,+1.25661117E+00
+8.46000E-03,+1.25158605E+00
+8.48000E-03,+1.24875941E+00
+8.50000E-03,+1.24404836E+00
+8.52000E-03,+1.23902323E+00
+8.54000E-03,+1.23619660E+00
+8.56000E-03,+1.23368404E+00
+8.58000E-03,+1.23117147E+00
+8.60000E-03,+1.21986494E+00
+8.62000E-03,+1.18092022E+00
+8.64000E-03,+1.16019157E+00
+8.66000E-03,+1.19316896E+00
+8.68000E-03,+1.20039258E+00
+8.70000E-03,+1.16553077E+00
+8.72000E-03,+1.02639761E+00
+8.74000E-03,+917.10112E-03
+8.76000E-03,+919.61369E-03
+8.78000E-03,+1.05592022E+00
+8.80000E-03,+1.15422424E+00
+8.82000E-03,+1.18971419E+00
+8.84000E-03,+1.15579459E+00
+8.86000E-03,+950.39258E-03
+8.88000E-03,+455.73178E-03
+8.90000E-03,-246.21545E-03
+8.92000E-03,-1.17900438E+00
+8.94000E-03,-1.92586367E+00
+8.96000E-03,-2.05494658E+00
+8.98000E-03,-2.04960739E+00
+9.00000E-03,-2.04803703E+00
+9.02000E-03,-2.03924306E+00
+9.04000E-03,-2.04018528E+00
+9.06000E-03,-2.00532347E+00
+9.08000E-03,-1.79803704E+00
+9.10000E-03,-1.30086368E+00
+9.12000E-03,-640.37373E-03
+9.14000E-03,+84.18656E-03
+9.16000E-03,+687.82977E-03
+9.18000E-03,+1.11496544E+00
+9.20000E-03,+1.23148554E+00
+9.22000E-03,+1.24090765E+00
+9.24000E-03,+1.23870916E+00
+9.26000E-03,+1.23619660E+00
+9.28000E-03,+1.23368404E+00
+9.30000E-03,+1.23117147E+00
+9.32000E-03,+1.22865891E+00
+9.34000E-03,+1.22614635E+00
+9.36000E-03,+1.22583228E+00
+9.38000E-03,+1.22363378E+00
+9.40000E-03,+1.22331971E+00
+9.42000E-03,+1.22112122E+00
+9.44000E-03,+1.21860866E+00
+9.46000E-03,+1.21829459E+00
+9.48000E-03,+1.21609610E+00
+9.50000E-03,+1.21358353E+00
+9.52000E-03,+1.21326946E+00
+9.54000E-03,+1.21107097E+00
+9.56000E-03,+1.20196293E+00
+9.58000E-03,+1.09737750E+00
+9.60000E-03,+825.39258E-03
+9.62000E-03,+516.03329E-03
+9.64000E-03,+134.12375E-03
+9.66000E-03,-220.46168E-03
+9.68000E-03,-483.96670E-03
+9.70000E-03,-535.16017E-03
+9.72000E-03,-480.82600E-03
+9.74000E-03,-428.69032E-03
+9.76000E-03,-516.94409E-03
+9.78000E-03,-679.94660E-03
+9.80000E-03,-842.00690E-03
+9.82000E-03,-901.68026E-03
+9.84000E-03,-949.10489E-03
+9.86000E-03,-1.07598931E+00
+9.88000E-03,-1.49119031E+00
+9.90000E-03,-1.95255965E+00
+9.92000E-03,-2.04112749E+00
+9.94000E-03,-2.03673050E+00
+9.96000E-03,-2.03767271E+00
+9.98000E-03,-2.03139131E+00
+10.00000E-03,-2.03044910E+00
+10.02000E-03,-2.02605211E+00
+10.04000E-03,-2.02542397E+00
+10.06000E-03,-1.99684357E+00
+10.08000E-03,-1.82787372E+00
+10.10000E-03,-1.58886619E+00
+10.12000E-03,-1.46355212E+00
+10.14000E-03,-1.34012247E+00
+10.16000E-03,-1.14634106E+00
+10.18000E-03,-797.72298E-03
+10.20000E-03,-412.98680E-03
+10.22000E-03,-50.23555E-03
+10.24000E-03,+214.52576E-03
+10.26000E-03,+514.14887E-03
+10.28000E-03,+932.80464E-03
+10.30000E-03,+1.22237750E+00
+10.32000E-03,+1.25598303E+00
+10.34000E-03,+1.25158605E+00
+10.36000E-03,+1.24875941E+00
+10.38000E-03,+1.24404836E+00
+10.40000E-03,+1.24122172E+00
+10.42000E-03,+1.23651067E+00
+10.44000E-03,+1.23588253E+00
+10.46000E-03,+1.23368404E+00
+10.48000E-03,+1.23117147E+00
+10.50000E-03,+1.23085740E+00
+10.52000E-03,+1.22865891E+00
+10.54000E-03,+1.22614635E+00
+10.56000E-03,+1.22363378E+00
+10.58000E-03,+1.22331971E+00
+10.60000E-03,+1.22112122E+00
+10.62000E-03,+1.22080715E+00
+10.64000E-03,+1.21421167E+00
+10.66000E-03,+969.23680E-03
+10.68000E-03,+98.94787E-03
+10.70000E-03,-1.16801192E+00
+10.72000E-03,-1.96732096E+00
+10.74000E-03,-2.05149181E+00
+10.76000E-03,-2.05054960E+00
+10.78000E-03,-2.04395412E+00
+10.80000E-03,-2.04301191E+00
+10.82000E-03,-2.03421794E+00
+10.84000E-03,-2.03516015E+00
+10.86000E-03,-2.02228327E+00
+10.88000E-03,-1.80274809E+00
+10.90000E-03,-1.04395413E+00
+10.92000E-03,+58.11872E-03
+10.94000E-03,+1.07790514E+00
+10.96000E-03,+1.24938755E+00
+10.98000E-03,+1.24938755E+00
+11.00000E-03,+1.24624685E+00
+11.02000E-03,+1.24153579E+00
+11.04000E-03,+1.23651067E+00
+11.06000E-03,+1.23368404E+00
+11.08000E-03,+1.23117147E+00
+11.10000E-03,+1.22865891E+00
+11.12000E-03,+1.22834484E+00
+11.14000E-03,+1.22614635E+00
+11.16000E-03,+1.21923680E+00
+11.18000E-03,+789.58856E-03
+11.20000E-03,-384.09233E-03
+11.22000E-03,-1.64225814E+00
+11.24000E-03,-2.02353955E+00
+11.26000E-03,-2.04458226E+00
+11.28000E-03,-2.04301191E+00
+11.30000E-03,-2.03421794E+00
+11.32000E-03,-2.03516015E+00
+11.34000E-03,-2.02008477E+00
+11.36000E-03,-1.78484608E+00
+11.38000E-03,-1.18434358E+00
+11.40000E-03,-536.10238E-03
+11.42000E-03,+281.42274E-03
+11.44000E-03,+1.09015389E+00
+11.46000E-03,+1.24561871E+00
+11.48000E-03,+1.24907348E+00
+11.50000E-03,+1.24404836E+00
+11.52000E-03,+1.23902323E+00
+11.54000E-03,+1.23619660E+00
+11.56000E-03,+1.23368404E+00
+11.58000E-03,+1.23336997E+00
+11.60000E-03,+1.22897298E+00
+11.62000E-03,+1.22834484E+00
+11.64000E-03,+1.22614635E+00
+11.66000E-03,+1.22363378E+00
+11.68000E-03,+1.21452574E+00
+11.70000E-03,+1.20227700E+00
+11.72000E-03,+1.19850816E+00
+11.74000E-03,+1.19379710E+00
+11.76000E-03,+1.15139760E+00
+11.78000E-03,+1.05968906E+00
+11.80000E-03,+939.71419E-03
+11.82000E-03,+873.75942E-03
+11.84000E-03,+763.20665E-03
+11.86000E-03,+541.78706E-03
+11.88000E-03,+142.91772E-03
+11.90000E-03,-292.38379E-03
+11.92000E-03,-791.12750E-03
+11.94000E-03,-1.39320036E+00
+11.96000E-03,-1.96260990E+00
+11.98000E-03,-2.05054960E+00
+12.00000E-03,-2.05086367E+00
+12.02000E-03,-2.04395412E+00
+12.04000E-03,-2.04301191E+00
+12.06000E-03,-2.03421794E+00
+12.08000E-03,-2.03516015E+00
+12.10000E-03,-2.02668025E+00
+12.12000E-03,-2.01882849E+00
+12.14000E-03,-1.94313754E+00
+12.16000E-03,-1.66424307E+00
+12.18000E-03,-1.15984609E+00
+12.20000E-03,-596.40388E-03
+12.22000E-03,-41.75565E-03
+12.24000E-03,+447.25188E-03
+12.26000E-03,+977.71670E-03
+12.28000E-03,+1.22520414E+00
+12.30000E-03,+1.25095790E+00
+12.32000E-03,+1.24656092E+00
+12.34000E-03,+1.24153579E+00
+12.36000E-03,+1.23870916E+00
+12.38000E-03,+1.23619660E+00
+12.40000E-03,+1.23368404E+00
+12.42000E-03,+1.23117147E+00
+12.44000E-03,+1.22865891E+00
+12.46000E-03,+1.22834484E+00
+12.48000E-03,+1.22614635E+00
+12.50000E-03,+1.22583228E+00
+12.52000E-03,+1.22363378E+00
+12.54000E-03,+1.22331971E+00
+12.56000E-03,+1.22112122E+00
+12.58000E-03,+1.21860866E+00
+12.60000E-03,+1.21829459E+00
+12.62000E-03,+1.21609610E+00
+12.64000E-03,+1.21578203E+00
+12.66000E-03,+1.21358353E+00
+12.68000E-03,+1.21107097E+00
+12.70000E-03,+1.19756595E+00
+12.72000E-03,+613.08103E-03
+12.74000E-03,-527.62248E-03
+12.76000E-03,-1.71418025E+00
+12.78000E-03,-2.03798678E+00
+12.80000E-03,-2.06311241E+00
+12.82000E-03,-2.05211995E+00
+12.84000E-03,-2.05054960E+00
+12.86000E-03,-2.04175563E+00
+12.88000E-03,-2.04049935E+00
+12.90000E-03,-2.01191894E+00
+12.92000E-03,-1.79458226E+00
+12.94000E-03,-1.24747172E+00
+12.96000E-03,-296.46670E-03
+12.98000E-03,+934.68906E-03
+13.00000E-03,+1.23117147E+00
+13.02000E-03,+1.24436243E+00
+13.04000E-03,+1.23902323E+00
+13.06000E-03,+1.23619660E+00
+13.08000E-03,+1.23368404E+00
+13.10000E-03,+1.23117147E+00
+13.12000E-03,+1.22865891E+00
+13.14000E-03,+1.22614635E+00
+13.16000E-03,+1.22363378E+00
+13.18000E-03,+1.21892273E+00
+13.20000E-03,+1.14354585E+00
+13.22000E-03,+987.76695E-03
+13.24000E-03,+861.51067E-03
+13.26000E-03,+769.48806E-03
+13.28000E-03,+573.82223E-03
+13.30000E-03,+301.20917E-03
+13.32000E-03,-21.96922E-03
+13.34000E-03,-267.57223E-03
+13.36000E-03,-474.85866E-03
+13.38000E-03,-687.17021E-03
+13.40000E-03,-997.47172E-03
+13.42000E-03,-1.30400438E+00
+13.44000E-03,-1.57504709E+00
+13.46000E-03,-1.82159231E+00
+13.48000E-03,-2.01474558E+00
+13.50000E-03,-2.03578829E+00
+13.52000E-03,-2.03767271E+00
+13.54000E-03,-2.03139131E+00
+13.56000E-03,-2.03264759E+00
+13.58000E-03,-2.02416769E+00
+13.60000E-03,-2.02510990E+00
+13.62000E-03,-2.01663000E+00
+13.64000E-03,-2.01537372E+00
+13.66000E-03,-1.92743402E+00
+13.68000E-03,-1.56091392E+00
+13.70000E-03,-855.19785E-03
+13.72000E-03,+172.75440E-03
+13.74000E-03,+1.12187499E+00
+13.76000E-03,+1.26038002E+00
+13.78000E-03,+1.26132223E+00
+13.80000E-03,+1.25661117E+00
+13.82000E-03,+1.25158605E+00
+13.84000E-03,+1.24875941E+00
+13.86000E-03,+1.24404836E+00
+13.88000E-03,+1.23902323E+00
+13.90000E-03,+1.23619660E+00
+13.92000E-03,+1.23368404E+00
+13.94000E-03,+1.22897298E+00
+13.96000E-03,+1.19536745E+00
+13.98000E-03,+838.89761E-03
+14.00000E-03,+1.58606E-03
+14.02000E-03,-1.03641644E+00
+14.04000E-03,-1.87875312E+00
+14.06000E-03,-2.03296166E+00
+14.08000E-03,-2.04049935E+00
+14.10000E-03,-2.03390387E+00
+14.12000E-03,-2.03296166E+00
+14.14000E-03,-2.02416769E+00
+14.16000E-03,-2.00752196E+00
+14.18000E-03,-1.65136618E+00
+14.20000E-03,-1.06656720E+00
+14.22000E-03,-390.05967E-03
+14.24000E-03,+418.98555E-03
+14.26000E-03,+1.14888504E+00
+14.28000E-03,+1.25598303E+00
+14.30000E-03,+1.25409861E+00
+14.32000E-03,+1.24907348E+00
+14.34000E-03,+1.24404836E+00
+14.36000E-03,+1.24122172E+00
+14.38000E-03,+1.23870916E+00
+14.40000E-03,+1.23619660E+00
+14.42000E-03,+1.23368404E+00
+14.44000E-03,+1.23117147E+00
+14.46000E-03,+1.22865891E+00
+14.48000E-03,+1.19316896E+00
+14.50000E-03,+704.47550E-03
+14.52000E-03,-259.40640E-03
+14.54000E-03,-1.40293654E+00
+14.56000E-03,-1.98993402E+00
+14.58000E-03,-2.04426819E+00
+14.60000E-03,-2.04301191E+00
+14.62000E-03,-2.03421794E+00
+14.64000E-03,-2.03296166E+00
+14.66000E-03,-2.02416769E+00
+14.68000E-03,-1.97234608E+00
+14.70000E-03,-1.82441895E+00
+14.72000E-03,-1.65262247E+00
+14.74000E-03,-1.34734609E+00
+14.76000E-03,-926.49182E-03
+14.78000E-03,-432.45916E-03
+14.80000E-03,-22.28329E-03
+14.82000E-03,+317.54083E-03
+14.84000E-03,+603.03078E-03
+14.86000E-03,+958.87248E-03
+14.88000E-03,+1.20698806E+00
+14.90000E-03,+1.24687499E+00
+14.92000E-03,+1.24624685E+00
+14.94000E-03,+1.24153579E+00
+14.96000E-03,+1.23870916E+00
+14.98000E-03,+1.23619660E+00
+15.00000E-03,+1.23368404E+00
+15.02000E-03,+1.23117147E+00
+15.04000E-03,+1.22865891E+00
+15.06000E-03,+1.22834484E+00
+15.08000E-03,+1.22614635E+00
+15.10000E-03,+1.22583228E+00
+15.12000E-03,+1.22363378E+00
+15.14000E-03,+1.22331971E+00
+15.16000E-03,+1.22112122E+00
+15.18000E-03,+1.21860866E+00
+15.20000E-03,+1.21609610E+00
+15.22000E-03,+1.21578203E+00
+15.24000E-03,+1.21358353E+00
+15.26000E-03,+1.21326946E+00
+15.28000E-03,+1.21107097E+00
+15.30000E-03,+1.20855841E+00
+15.32000E-03,+1.17526695E+00
+15.34000E-03,+1.04304333E+00
+15.36000E-03,+842.35238E-03
+15.38000E-03,+642.60364E-03
+15.40000E-03,+369.36244E-03
+15.42000E-03,+133.80968E-03
+15.44000E-03,+6.29711E-03
+15.46000E-03,+86.69912E-03
+15.48000E-03,+236.51068E-03
+15.50000E-03,+258.18153E-03
+15.52000E-03,-137.23303E-03
+15.54000E-03,-941.25313E-03
+15.56000E-03,-1.83509734E+00
+15.58000E-03,-2.04426819E+00
+15.60000E-03,-2.05808729E+00
+15.62000E-03,-2.04929332E+00
+15.64000E-03,-2.04803703E+00
+15.66000E-03,-2.04144156E+00
+15.68000E-03,-2.04049935E+00
+15.70000E-03,-2.02730839E+00
+15.72000E-03,-1.90890387E+00
+15.74000E-03,-1.55149181E+00
+15.76000E-03,-1.02353956E+00
+15.78000E-03,-84.46922E-03
+15.80000E-03,+1.00284233E+00
+15.82000E-03,+1.23713881E+00
+15.84000E-03,+1.24656092E+00
+15.86000E-03,+1.24153579E+00
+15.88000E-03,+1.23651067E+00
+15.90000E-03,+1.23368404E+00
+15.92000E-03,+1.23117147E+00
+15.94000E-03,+1.22865891E+00
+15.96000E-03,+1.22614635E+00
+15.98000E-03,+1.22583228E+00
+16.00000E-03,+1.22363378E+00
+16.02000E-03,+1.18154836E+00
+16.04000E-03,+645.74434E-03
+16.06000E-03,-307.14509E-03
+16.08000E-03,-1.51191895E+00
+16.10000E-03,-2.00469533E+00
+16.12000E-03,-2.05306216E+00
+16.14000E-03,-2.04426819E+00
+16.16000E-03,-2.04301191E+00
+16.18000E-03,-2.03421794E+00
+16.20000E-03,-2.03296166E+00
+16.22000E-03,-2.01537372E+00
+16.24000E-03,-1.97988377E+00
+16.26000E-03,-1.78830086E+00
+16.28000E-03,-1.24715765E+00
+16.30000E-03,-232.71042E-03
+16.32000E-03,+930.60615E-03
+16.34000E-03,+1.23588253E+00
+16.36000E-03,+1.25629710E+00
+16.38000E-03,+1.25158605E+00
+16.40000E-03,+1.24656092E+00
+16.42000E-03,+1.24153579E+00
+16.44000E-03,+1.23870916E+00
+16.46000E-03,+1.23399811E+00
+16.48000E-03,+1.23117147E+00
+16.50000E-03,+1.22865891E+00
+16.52000E-03,+1.22614635E+00
+16.54000E-03,+1.20384735E+00
+16.56000E-03,+640.09108E-03
+16.58000E-03,-484.28077E-03
+16.60000E-03,-1.70852699E+00
+16.62000E-03,-2.02259734E+00
+16.64000E-03,-2.04552447E+00
+16.66000E-03,-2.03673050E+00
+16.68000E-03,-2.03767271E+00
+16.70000E-03,-2.02919281E+00
+16.72000E-03,-2.03013502E+00
+16.74000E-03,-2.02165513E+00
+16.76000E-03,-2.00500940E+00
+16.78000E-03,-1.65544910E+00
+16.80000E-03,-886.91896E-03
+16.82000E-03,+235.88254E-03
+16.84000E-03,+1.13129710E+00
+16.86000E-03,+1.25598303E+00
+16.88000E-03,+1.25409861E+00
+16.90000E-03,+1.24907348E+00
+16.92000E-03,+1.24624685E+00
+16.94000E-03,+1.24153579E+00
+16.96000E-03,+1.23651067E+00
+16.98000E-03,+1.23368404E+00
+17.00000E-03,+1.23117147E+00
+17.02000E-03,+1.23085740E+00
+17.04000E-03,+1.22646042E+00
+17.06000E-03,+1.06314384E+00
+17.08000E-03,+222.06344E-03
+17.10000E-03,-833.52700E-03
+17.12000E-03,-1.78327573E+00
+17.14000E-03,-2.02510990E+00
+17.16000E-03,-2.04301191E+00
+17.18000E-03,-2.03641643E+00
+17.20000E-03,-2.03547422E+00
+17.22000E-03,-2.02668025E+00
+17.24000E-03,-2.02542397E+00
+17.26000E-03,-1.99684357E+00
+17.28000E-03,-1.86304960E+00
+17.30000E-03,-1.43559986E+00
+17.32000E-03,-585.72549E-03
+17.34000E-03,+705.73178E-03
+17.36000E-03,+1.21483981E+00
+17.38000E-03,+1.26132223E+00
+17.40000E-03,+1.25661117E+00
+17.42000E-03,+1.25158605E+00
+17.44000E-03,+1.24656092E+00
+17.46000E-03,+1.24373429E+00
+17.48000E-03,+1.23902323E+00
+17.50000E-03,+1.23619660E+00
+17.52000E-03,+1.23368404E+00
+17.54000E-03,+1.23117147E+00
+17.56000E-03,+1.22426193E+00
+17.58000E-03,+955.10364E-03
+17.60000E-03,+68.16897E-03
+17.62000E-03,-1.12592649E+00
+17.64000E-03,-1.94753452E+00
+17.66000E-03,-2.04081342E+00
+17.68000E-03,-2.04049935E+00
+17.70000E-03,-2.03170538E+00
+17.72000E-03,-2.03264759E+00
+17.74000E-03,-2.02416769E+00
+17.76000E-03,-2.01851442E+00
+17.78000E-03,-1.94093905E+00
+17.80000E-03,-1.69470789E+00
+17.82000E-03,-1.30934358E+00
+17.84000E-03,-922.72298E-03
+17.86000E-03,-536.10238E-03
+17.88000E-03,-155.76319E-03
+17.90000E-03,+344.55088E-03
+17.92000E-03,+958.87248E-03
+17.94000E-03,+1.23085740E+00
+17.96000E-03,+1.25629710E+00
+17.98000E-03,+1.25158605E+00
+18.00000E-03,+1.24656092E+00
+18.02000E-03,+1.24373429E+00
+18.04000E-03,+1.24122172E+00
+18.06000E-03,+1.23651067E+00
+18.08000E-03,+1.23588253E+00
+18.10000E-03,+1.23368404E+00
+18.12000E-03,+1.23117147E+00
+18.14000E-03,+1.22865891E+00
+18.16000E-03,+1.22614635E+00
+18.18000E-03,+1.22583228E+00
+18.20000E-03,+1.22363378E+00
+18.22000E-03,+1.22112122E+00
+18.24000E-03,+1.22080715E+00
+18.26000E-03,+1.21641017E+00
+18.28000E-03,+1.21358353E+00
+18.30000E-03,+1.21107097E+00
+18.32000E-03,+1.19976444E+00
+18.34000E-03,+1.12564384E+00
+18.36000E-03,+895.43027E-03
+18.38000E-03,+690.34233E-03
+18.40000E-03,+542.41520E-03
+18.42000E-03,+447.88002E-03
+18.44000E-03,+276.39761E-03
+18.46000E-03,+42.41520E-03
+18.48000E-03,-249.35615E-03
+18.50000E-03,-434.02951E-03
+18.52000E-03,-494.64509E-03
+18.54000E-03,-423.35112E-03
+18.56000E-03,-407.96168E-03
+18.58000E-03,-592.00690E-03
+18.60000E-03,-1.12843905E+00
+18.62000E-03,-1.81688126E+00
+18.64000E-03,-2.03453201E+00
+18.66000E-03,-2.04426819E+00
+18.68000E-03,-2.04301191E+00
+18.70000E-03,-2.03421794E+00
+18.72000E-03,-2.03735864E+00
+18.74000E-03,-2.02919281E+00
+18.76000E-03,-2.02793653E+00
+18.78000E-03,-1.90482096E+00
+18.80000E-03,-1.57065011E+00
+18.82000E-03,-1.16487121E+00
+18.84000E-03,-726.42901E-03
+18.86000E-03,-165.49937E-03
+18.88000E-03,+418.98555E-03
+18.90000E-03,+967.03831E-03
+18.92000E-03,+1.21735238E+00
+18.94000E-03,+1.24781720E+00
+18.96000E-03,+1.24624685E+00
+18.98000E-03,+1.24373429E+00
+19.00000E-03,+1.23902323E+00
+19.02000E-03,+1.23399811E+00
+19.04000E-03,+1.23117147E+00
+19.06000E-03,+1.23085740E+00
+19.08000E-03,+1.22865891E+00
+19.10000E-03,+1.22834484E+00
+19.12000E-03,+1.22614635E+00
+19.14000E-03,+1.22583228E+00
+19.16000E-03,+1.22363378E+00
+19.18000E-03,+1.22331971E+00
+19.20000E-03,+1.22112122E+00
+19.22000E-03,+1.21860866E+00
+19.24000E-03,+1.21609610E+00
+19.26000E-03,+1.21578203E+00
+19.28000E-03,+1.21358353E+00
+19.30000E-03,+1.20887248E+00
+19.32000E-03,+1.20824434E+00
+19.34000E-03,+1.20164886E+00
+19.36000E-03,+1.03362122E+00
+19.38000E-03,+402.96796E-03
+19.40000E-03,-587.29584E-03
+19.42000E-03,-1.61116518E+00
+19.44000E-03,-2.02699432E+00
+19.46000E-03,-2.05714507E+00
+19.48000E-03,-2.05557472E+00
+19.50000E-03,-2.04458226E+00
+19.52000E-03,-2.04521040E+00
+19.54000E-03,-2.03673050E+00
+19.56000E-03,-2.03767271E+00
+19.58000E-03,-2.02919281E+00
+19.60000E-03,-1.86964508E+00
+19.62000E-03,-1.11933101E+00
+19.64000E-03,+48.69661E-03
+19.66000E-03,+1.09549308E+00
+19.68000E-03,+1.24530464E+00
+19.70000E-03,+1.24404836E+00
+19.72000E-03,+1.23902323E+00
+19.74000E-03,+1.23399811E+00
+19.76000E-03,+1.23117147E+00
+19.78000E-03,+1.23085740E+00
+19.80000E-03,+1.22865891E+00
+19.82000E-03,+1.22614635E+00
+19.84000E-03,+1.22583228E+00
+19.86000E-03,+1.22363378E+00
+19.88000E-03,+1.21892273E+00
+19.90000E-03,+1.18531720E+00
+19.92000E-03,+1.07288002E+00
+19.94000E-03,+967.35238E-03
+19.96000E-03,+809.37500E-03
+19.98000E-03,+625.95791E-03
+20.00000E-03,+407.05088E-03
+20.02000E-03,+306.54837E-03
+20.04000E-03,+333.55842E-03
+20.06000E-03,+492.79208E-03
+20.08000E-03,+600.51821E-03
+20.10000E-03,+564.40012E-03
+20.12000E-03,+212.32726E-03
+20.14000E-03,-426.17776E-03
+20.16000E-03,-1.31279835E+00
+20.18000E-03,-1.95727070E+00
+20.20000E-03,-2.05494658E+00
+20.22000E-03,-2.04929332E+00
+20.24000E-03,-2.04803703E+00
+20.26000E-03,-2.03924306E+00
+20.28000E-03,-2.03798678E+00
+20.30000E-03,-2.03139131E+00
+20.32000E-03,-2.03264759E+00
+20.34000E-03,-2.02416769E+00
+20.36000E-03,-2.02291141E+00
+20.38000E-03,-1.98993402E+00
+20.40000E-03,-1.78735865E+00
+20.42000E-03,-1.37215764E+00
+20.44000E-03,-947.53453E-03
+20.46000E-03,-492.44660E-03
+20.48000E-03,+11.32224E-03
+20.50000E-03,+688.45791E-03
+20.52000E-03,+1.18720162E+00
+20.54000E-03,+1.25692524E+00
